Instant,Date,Season,Year,Month,Holiday,Weekday,Workingday,Weathersit,Temp_F,Temp_C,Temp_Normalized,Feelslike_Temp_F,Feelslike_Temp_C,Feelslike_Temp_Normalized,Humidity,Humidity_Normalized,Windspeed,Windspeed_Normalized,Not_Registered,Registered,Count
1,1/1/11,1,0,1,0,6,0,2,57.3995246,14.110847,0.344167,64.72625,18.18125,0.363625,80.5833,0.805833,6.679664928,0.160446,331,654,985
2,1/2/11,1,0,1,0,0,0,2,58.8246764,14.902598,0.363478,63.83651,17.68695,0.353739,69.6087,0.696087,10.34714011,0.248539,131,670,801
3,1/3/11,1,0,1,0,1,1,1,46.4916632,8.050924,0.196364,49.04645,9.47025,0.189405,43.7273,0.437273,10.33756478,0.248309,120,1229,1349
4,1/4/11,1,0,1,0,2,1,1,46.76,8.2,0.2,51.09098,10.6061,0.212122,59.0435,0.590435,6.67342015,0.160296,108,1454,1562
5,1/5/11,1,0,1,0,3,1,1,48.7494266,9.305237,0.226957,52.6343,11.4635,0.22927,43.6957,0.436957,7.780994073,0.1869,82,1518,1600
6,1/6/11,1,0,1,0,4,1,1,47.0808824,8.378268,0.204348,52.98881,11.66045,0.233209,51.8261,0.518261,3.728765599,0.0895652,88,1518,1606
7,1/7/11,1,0,1,0,5,1,2,46.5033236,8.057402,0.196522,50.79551,10.44195,0.208839,49.8696,0.498696,7.024376704,0.168726,148,1362,1510
8,1/8/11,1,0,1,0,6,0,2,44.177,6.765,0.165,46.60286,8.1127,0.162254,53.5833,0.535833,11.10754598,0.266804,68,891,959
9,1/9/11,1,0,1,0,0,0,1,42.2089754,5.671653,0.138333,42.45575,5.80875,0.116175,43.4167,0.434167,15.06865064,0.36195,54,768,822
10,1/10/11,1,0,1,0,1,1,1,43.1314754,6.184153,0.150833,45.57992,7.5444,0.150888,48.2917,0.482917,9.295019817,0.223267,41,1280,1321
11,1/11/11,1,0,1,0,2,1,2,44.4789158,6.932731,0.169091,49.23176,9.5732,0.191464,68.6364,0.686364,5.084581959,0.122132,43,1220,1263
12,1/12/11,1,0,1,0,3,1,1,44.7472526,7.081807,0.172727,46.44257,8.02365,0.160473,59.9545,0.599545,12.6821877,0.304627,25,1137,1162
13,1/13/11,1,0,1,0,4,1,1,44.177,6.765,0.165,45.57947,7.54415,0.150883,47.0417,0.470417,12.53118896,0.301,38,1368,1406
14,1/14/11,1,0,1,0,5,1,1,43.872206,6.59567,0.16087,48.95717,9.42065,0.188413,53.7826,0.537826,5.26842824,0.126548,54,1367,1421
15,1/15/11,1,0,1,0,6,0,2,49.2199754,9.566653,0.233333,54.33008,12.4056,0.248112,49.875,0.49875,6.576293027,0.157963,222,1026,1248
16,1/16/11,1,0,1,0,0,0,1,49.0970246,9.498347,0.231667,53.07953,11.71085,0.234217,48.375,0.48375,7.84481571,0.188433,251,953,1204
17,1/17/11,1,0,1,1,1,0,2,44.9764754,7.209153,0.175833,47.90939,8.83855,0.176771,53.75,0.5375,8.077288,0.194017,117,883,1000
18,1/18/11,1,0,1,0,2,1,2,47.9900246,8.883347,0.216667,52.90997,11.61665,0.232333,86.1667,0.861667,6.110515811,0.146775,9,674,683
19,1/19/11,1,0,1,0,3,1,2,53.5624412,11.979134,0.292174,58.85798,14.9211,0.298422,74.1739,0.741739,8.672623555,0.208317,78,1572,1650
20,1/20/11,1,0,1,0,4,1,2,51.3110246,10.728347,0.261667,54.9545,12.7525,0.25505,53.8333,0.538333,8.155847314,0.195904,83,1844,1927
21,1/21/11,1,0,1,0,5,1,1,45.0995,7.2775,0.1775,46.20497,7.89165,0.157833,45.7083,0.457083,14.70612043,0.353242,75,1468,1543
22,1/22/11,1,0,1,0,6,0,1,36.36382352,2.4243464,0.0591304,39.116264,3.95348,0.0790696,40,0.4,7.159430448,0.17197,93,888,981
23,1/23/11,1,0,1,0,0,0,1,39.12330146,3.9573897,0.0965217,40.895519,4.941955,0.0988391,43.6522,0.436522,10.26641594,0.2466,150,836,986
24,1/24/11,1,0,1,0,1,1,1,39.18747794,3.9930433,0.0973913,42.6137,5.8965,0.11793,49.1739,0.491739,6.591571919,0.15833,86,1330,1416
25,1/25/11,1,0,1,0,2,1,2,48.4926764,9.162598,0.223478,53.10734,11.7263,0.234526,61.6957,0.616957,5.403648511,0.129796,186,1799,1985
26,1/26/11,1,0,1,0,3,1,3,48.0515,8.9175,0.2175,50.324,10.18,0.2036,86.25,0.8625,12.23352118,0.29385,34,472,506
27,1/27/11,1,0,1,0,4,1,1,46.391,7.995,0.195,51.773,10.985,0.2197,68.75,0.6875,4.739245705,0.113837,15,416,431
28,1/28/11,1,0,1,0,5,1,2,47.0166764,8.342598,0.203478,52.09853,11.16585,0.223317,79.3043,0.793043,5.133207968,0.1233,38,1129,1167
29,1/29/11,1,0,1,0,6,0,1,46.5033236,8.057402,0.196522,51.09134,10.6063,0.212126,65.1739,0.651739,6.051814893,0.145365,123,975,1098
30,1/30/11,1,0,1,0,0,0,1,47.9793236,8.877402,0.216522,54.52898,12.5161,0.250322,72.2174,0.722174,3.080033024,0.0739826,140,956,1096
31,1/31/11,1,0,1,0,1,1,2,45.3454754,7.414153,0.180833,48.7625,9.3125,0.18625,60.375,0.60375,7.793150576,0.187192,42,1459,1501
32,2/1/11,1,0,2,0,2,1,2,46.1824412,7.879134,0.192174,53.1077,11.7265,0.23453,82.9565,0.829565,2.215356007,0.053213,47,1313,1360
33,2/2/11,1,0,2,0,3,1,2,51.188,10.66,0.26,54.89753,12.72085,0.254417,77.5417,0.775417,11.00363286,0.264308,72,1454,1526
34,2/3/11,1,0,2,0,4,1,1,45.7974266,7.665237,0.186957,48.00902,8.8939,0.177878,43.7826,0.437826,11.56333155,0.277752,61,1489,1550
35,2/4/11,1,0,2,0,5,1,2,47.5942352,8.663464,0.211304,52.57283,11.42935,0.228587,58.5217,0.585217,5.322174967,0.127839,88,1620,1708
36,2/5/11,1,0,2,0,6,0,2,49.2199754,9.566653,0.233333,53.87522,12.1529,0.243058,92.9167,0.929167,6.706017894,0.161079,100,905,1005
37,2/6/11,1,0,2,0,0,0,1,53.0944754,11.719153,0.285833,58.25039,14.58355,0.291671,56.8333,0.568333,5.903397323,0.1418,354,1269,1623
38,2/7/11,1,0,2,0,1,1,1,52.0490246,11.138347,0.271667,59.32922,15.1829,0.303658,73.8333,0.738333,1.890431852,0.0454083,120,1592,1712
39,2/8/11,1,0,2,0,2,1,1,48.2974754,9.054153,0.220833,49.84214,9.9123,0.198246,53.7917,0.537917,15.06865064,0.36195,64,1466,1530
40,2/9/11,1,0,2,0,3,1,2,41.9469854,5.526103,0.134783,44.98547,7.21415,0.144283,49.4783,0.494783,7.861718244,0.188839,53,1552,1605
41,2/10/11,1,0,2,0,4,1,1,42.6528824,5.918268,0.144348,45.45932,7.4774,0.149548,43.7391,0.437391,9.239566183,0.221935,47,1491,1538
42,2/11/11,1,0,2,0,5,1,1,45.9549158,7.752731,0.189091,51.21581,10.67545,0.213509,50.6364,0.506364,4.519138077,0.10855,149,1597,1746
43,2/12/11,1,0,2,0,6,0,1,48.4205,9.1225,0.2225,52.96586,11.6477,0.232954,54.4167,0.544167,8.466545863,0.203367,288,1184,1472
44,2/13/11,1,0,2,0,0,0,1,55.3593236,12.977402,0.316522,61.17017,16.20565,0.324113,45.7391,0.457391,10.86104375,0.260883,397,1192,1589
45,2/14/11,1,0,2,0,1,1,1,62.627,17.015,0.415,67.8515,19.9175,0.39835,37.5833,0.375833,17.3982861,0.417908,208,1705,1913
46,2/15/11,1,0,2,0,2,1,1,51.6372206,10.909567,0.266087,54.88466,12.7137,0.254274,31.4348,0.314348,12.1304407,0.291374,140,1675,1815
47,2/16/11,1,0,2,0,3,1,1,55.4876618,13.048701,0.318261,60.458,15.81,0.3162,42.3478,0.423478,10.48252691,0.251791,218,1897,2115
48,2/17/11,1,0,2,0,4,1,1,64.1644754,17.869153,0.435833,70.57922,21.4329,0.428658,50.5,0.505,9.579656823,0.230104,259,2216,2475
49,2/18/11,1,0,2,0,5,1,1,70.4990246,21.388347,0.521667,78.07847,25.59915,0.511983,51.6667,0.516667,11.02931972,0.264925,579,2348,2927
50,2/19/11,1,0,2,0,6,0,1,61.4585246,16.365847,0.399167,67.22636,19.5702,0.391404,18.7917,0.187917,21.12662705,0.507463,532,1103,1635
51,2/20/11,1,0,2,0,0,0,1,53.0490146,11.693897,0.285217,56.9597,13.8665,0.27733,40.7826,0.407826,9.293687597,0.223235,639,1173,1812
52,2/21/11,1,0,2,1,1,0,2,54.3859754,12.436653,0.303333,57.56675,14.20375,0.284075,60.5,0.605,12.81620065,0.307846,195,912,1107
53,2/22/11,1,0,2,0,2,1,1,45.4479836,7.471102,0.182222,48.74297,9.30165,0.186033,57.7778,0.577778,8.146646673,0.195683,74,1376,1450
54,2/23/11,1,0,2,0,3,1,1,48.3643382,9.091299,0.221739,54.11453,12.28585,0.245717,42.3043,0.423043,3.918098958,0.094113,139,1778,1917
55,2/24/11,1,0,2,0,4,1,2,53.8191176,12.121732,0.295652,58.02719,14.45955,0.289191,69.7391,0.697391,10.42861365,0.250496,100,1707,1807
56,2/25/11,1,0,2,0,5,1,2,58.8888824,14.938268,0.364348,63.54149,17.52305,0.350461,71.2174,0.712174,14.42706209,0.346539,120,1341,1461
57,2/26/11,1,0,2,0,6,0,1,52.8485,11.5825,0.2825,57.39728,14.1096,0.282192,53.7917,0.537917,7.767297192,0.186571,424,1545,1969
58,2/27/11,1,0,2,0,0,0,1,57.3486764,14.082598,0.343478,63.59981,17.55545,0.351109,68,0.68,5.214306826,0.125248,694,1708,2402
59,2/28/11,1,0,2,0,1,1,2,62.0567474,16.698193,0.407273,68.01062,20.0059,0.400118,87.6364,0.876364,12.06016613,0.289686,81,1365,1446
60,3/1/11,1,0,3,0,2,1,1,51.6800246,10.933347,0.266667,55.74911,13.19395,0.263879,53.5,0.535,9.010174651,0.216425,137,1714,1851
61,3/2/11,1,0,3,0,3,1,1,56.723,13.735,0.335,60.80639,16.00355,0.320071,44.9583,0.449583,12.81565944,0.307833,231,1903,2134
62,3/3/11,1,0,3,0,4,1,1,46.6369754,8.131653,0.198333,50.01197,10.00665,0.200133,31.8333,0.318333,9.398558245,0.225754,123,1562,1685
63,3/4/11,1,0,3,0,5,1,2,51.3110246,10.728347,0.261667,55.01111,12.78395,0.255679,61.0417,0.610417,8.465671594,0.203346,214,1730,1944
64,3/5/11,1,0,3,0,6,0,2,60.3515246,15.750847,0.384167,66.09011,18.93895,0.378779,78.9167,0.789167,10.48585745,0.251871,640,1437,2077
65,3/6/11,1,0,3,0,0,0,2,59.7873236,15.437402,0.376522,64.96268,18.3126,0.366252,94.8261,0.948261,14.29167529,0.343287,114,491,605
66,3/7/11,1,0,3,0,1,1,1,51.3163382,10.731299,0.261739,53.46149,11.92305,0.238461,55.1304,0.551304,14.21111765,0.341352,244,1628,1872
67,3/8/11,1,0,3,0,2,1,1,53.5865,11.9925,0.2925,59.216,15.12,0.3024,42.0833,0.420833,5.022883547,0.12065,316,1817,2133
68,3/9/11,1,0,3,0,3,1,2,53.8324754,12.129153,0.295833,57.79472,14.3304,0.286608,77.5417,0.775417,9.165253319,0.22015,191,1700,1891
69,3/10/11,1,0,3,0,4,1,3,60.7149158,15.952731,0.389091,66.71012,19.2834,0.385668,0,0,10.90242582,0.261877,46,577,623
70,3/11/11,1,0,3,0,5,1,2,55.3593236,12.977402,0.316522,59.45,15.25,0.305,64.9565,0.649565,9.698973725,0.23297,247,1730,1977
71,3/12/11,1,0,3,0,6,0,1,56.2925246,13.495847,0.329167,61.3175,16.2875,0.32575,59.4583,0.594583,9.191273229,0.220775,724,1408,2132
72,3/13/11,1,0,3,0,0,0,1,60.3648824,15.758268,0.384348,66.20819,19.00455,0.380091,52.7391,0.527391,11.26574703,0.270604,982,1435,2417
73,3/14/11,1,0,3,0,1,1,1,56.0010146,13.333897,0.325217,61.88,16.6,0.332,49.6957,0.496957,5.700483652,0.136926,359,1687,2046
74,3/15/11,1,0,3,0,2,1,2,55.4234558,13.013031,0.317391,60.63602,15.9089,0.318178,65.5652,0.655652,7.673125932,0.184309,289,1767,2056
75,3/16/11,1,0,3,0,3,1,2,58.9530146,14.973897,0.365217,65.0237,18.3465,0.36693,77.6522,0.776522,8.456137898,0.203117,321,1871,2192
76,3/17/11,1,0,3,0,4,1,1,62.627,17.015,0.415,68.92997,20.51665,0.410333,60.2917,0.602917,8.725162958,0.209579,424,2320,2744
77,3/18/11,1,0,3,0,5,1,1,71.852,22.14,0.54,79.43081,26.35045,0.527009,52.5217,0.525217,9.617666709,0.231017,884,2355,3239
78,3/19/11,1,0,3,0,6,0,1,66.8705,19.3725,0.4725,73.98725,23.32625,0.466525,37.9167,0.379167,15.3274759,0.368167,1424,1693,3117
79,3/20/11,1,0,3,0,0,0,1,56.5385,13.6325,0.3325,61.3175,16.2875,0.32575,47.375,0.47375,8.647810968,0.207721,1047,1424,2471
80,3/21/11,2,0,3,0,1,1,2,63.766103,17.647835,0.430435,68.87615,20.48675,0.409735,73.7391,0.737391,12.02257256,0.288783,401,1676,2077
81,3/22/11,2,0,3,0,2,1,1,64.5950246,18.108347,0.441667,71.65778,22.0321,0.440642,62.4583,0.624583,9.398391718,0.22575,460,2243,2703
82,3/23/11,2,0,3,0,3,1,2,57.6054266,14.225237,0.346957,62.41451,16.89695,0.337939,83.9565,0.839565,9.752720453,0.234261,203,1918,2121
83,3/24/11,2,0,3,0,4,1,2,53.033,11.685,0.285,56.37497,13.54165,0.270833,80.5833,0.805833,10.14930552,0.243787,166,1699,1865
84,3/25/11,2,0,3,0,5,1,1,51.4955246,10.830847,0.264167,55.06808,12.8156,0.256312,49.5,0.495,9.605510206,0.230725,300,1910,2210
85,3/26/11,2,0,3,0,6,0,1,51.6184754,10.899153,0.265833,55.18139,12.87855,0.257571,39.4167,0.394167,8.724829903,0.209571,981,1515,2496
86,3/27/11,2,0,3,0,0,0,2,50.6745734,10.374763,0.253043,54.53051,12.51695,0.250339,49.3913,0.493913,7.672751245,0.1843,472,1221,1693
87,3/28/11,2,0,3,0,1,1,1,51.5088824,10.838268,0.264348,55.18166,12.8787,0.257574,30.2174,0.302174,8.834446583,0.212204,222,1806,2028
88,3/29/11,2,0,3,0,2,1,1,54.3245,12.4025,0.3025,58.36172,14.6454,0.292908,31.4167,0.314167,9.450265012,0.226996,317,2108,2425
89,3/30/11,2,0,3,0,3,1,2,54.14,12.3,0.3,58.7615,14.8675,0.29735,64.6667,0.646667,7.197648493,0.172888,168,1368,1536
90,3/31/11,2,0,3,0,4,1,3,51.8029754,11.001653,0.268333,55.18175,12.87875,0.257575,91.8333,0.918333,9.061007149,0.217646,179,1506,1685
91,4/1/11,2,0,4,0,5,1,2,54.14,12.3,0.3,57.51086,14.1727,0.283454,68.625,0.68625,10.77049446,0.258708,307,1920,2227
92,4/2/11,2,0,4,0,6,0,2,55.247,12.915,0.315,60.40733,15.78185,0.315637,65.375,0.65375,8.20755408,0.197146,898,1354,2252
93,4/3/11,2,0,4,0,0,0,1,59.9209754,15.511653,0.378333,66.08903,18.93835,0.378767,48,0.48,7.58586556,0.182213,1651,1598,3249
94,4/4/11,2,0,4,0,1,1,1,74.3119754,23.506653,0.573333,80.86361,27.14645,0.542929,42.625,0.42625,16.05203674,0.385571,734,2381,3115
95,4/5/11,2,0,4,0,2,1,2,62.5655246,16.980847,0.414167,67.8515,19.9175,0.39835,64.2083,0.642083,16.15594985,0.388067,167,1628,1795
96,4/6/11,2,0,4,0,3,1,1,60.8434754,16.024153,0.390833,66.88472,19.3804,0.387608,47.0833,0.470833,10.9518012,0.263063,413,2395,2808
97,4/7/11,2,0,4,0,4,1,1,64.2875,17.9375,0.4375,71.03264,21.6848,0.433696,60.2917,0.602917,6.757349973,0.162312,571,2570,3141
98,4/8/11,2,0,4,0,5,1,2,56.7844754,13.769153,0.335833,61.20311,16.22395,0.324479,83.625,0.83625,9.450098484,0.226992,172,1299,1471
99,4/9/11,2,0,4,0,6,0,2,57.2765,14.0425,0.3425,62.73761,17.07645,0.341529,87.75,0.8775,5.540492425,0.133083,879,1576,2455
100,4/10/11,2,0,4,0,0,0,2,63.4880246,17.493347,0.426667,70.40633,21.33685,0.426737,85.75,0.8575,6.110182756,0.146767,1188,1707,2895
101,4/11/11,2,0,4,0,1,1,2,75.9591176,24.421732,0.595652,82.86953,28.26085,0.565217,71.6956,0.716956,13.50845517,0.324474,855,2493,3348
102,4/12/11,2,0,4,0,2,1,2,69.0845,20.6025,0.5025,76.37486,24.6527,0.493054,73.9167,0.739167,11.44372322,0.274879,257,1777,2034
103,4/13/11,2,0,4,0,3,1,2,62.4425,16.9125,0.4125,69.55547,20.86415,0.417283,81.9167,0.819167,10.43365111,0.250617,209,1953,2162
104,4/14/11,2,0,4,0,4,1,1,66.5015,19.1675,0.4675,73.64678,23.1371,0.462742,54.0417,0.540417,4.60864657,0.1107,529,2738,3267
105,4/15/11,2,0,4,1,5,0,1,64.9640246,18.313347,0.446667,71.77217,22.09565,0.441913,67.125,0.67125,9.424411628,0.226375,642,2484,3126
106,4/16/11,2,0,4,0,6,0,3,63.7954754,17.664153,0.430833,70.29428,21.2746,0.425492,88.8333,0.888333,14.18846992,0.340808,121,674,795
107,4/17/11,2,0,4,0,0,0,1,65.7020246,18.723347,0.456667,72.11264,22.2848,0.445696,47.9583,0.479583,12.63510207,0.303496,1558,2186,3744
108,4/18/11,2,0,4,0,1,1,1,69.8225,21.0125,0.5125,77.28314,25.1573,0.503146,54.25,0.5425,6.809597954,0.163567,669,2760,3429
109,4/19/11,2,0,4,0,2,1,2,69.3304754,20.739153,0.505833,76.03322,24.4629,0.489258,66.5833,0.665833,6.576626082,0.157971,409,2795,3204
110,4/20/11,2,0,4,0,3,1,1,75.911,24.395,0.595,82.79528,28.2196,0.564392,61.4167,0.614167,10.071787,0.241925,613,3331,3944
111,4/21/11,2,0,4,0,4,1,1,65.8865246,18.825847,0.459167,72.85028,22.6946,0.453892,40.7083,0.407083,13.54109454,0.325258,745,3444,4189
112,4/22/11,2,0,4,0,5,1,2,56.8460246,13.803347,0.336667,60.97586,16.0977,0.321954,72.9583,0.729583,9.13906688,0.219521,177,1506,1683
113,4/23/11,2,0,4,0,6,0,2,65.948,18.86,0.46,72.51089,22.50605,0.450121,88.7917,0.887917,9.605510206,0.230725,1462,2574,4036
114,4/24/11,2,0,4,0,0,0,2,74.9270246,23.848347,0.581667,81.65867,27.58815,0.551763,81.0833,0.810833,8.000602119,0.192175,1710,2481,4191
115,4/25/11,2,0,4,0,1,1,1,76.7720246,24.873347,0.606667,83.705,28.725,0.5745,77.6667,0.776667,7.715756953,0.185333,773,3300,4073
116,4/26/11,2,0,4,0,2,1,1,78.6170246,25.898347,0.631667,85.46747,29.70415,0.594083,72.9167,0.729167,13.59280131,0.3265,678,3722,4400
117,4/27/11,2,0,4,0,3,1,2,77.756,25.42,0.62,83.76278,28.7571,0.575142,83.5417,0.835417,12.99746576,0.3122,547,3325,3872
118,4/28/11,2,0,4,0,4,1,2,77.5715,25.3175,0.6175,84.10361,28.94645,0.578929,70.0833,0.700833,13.35999597,0.320908,569,3489,4058
119,4/29/11,2,0,4,0,5,1,1,69.638,20.91,0.51,76.77167,24.87315,0.497463,45.7083,0.457083,9.994268487,0.240063,878,3717,4595
120,4/30/11,2,0,4,0,6,0,1,66.8705,19.3725,0.4725,73.76189,23.20105,0.464021,50.3333,0.503333,9.786608784,0.235075,1965,3347,5312
121,5/1/11,2,0,5,0,0,0,2,65.3330246,18.518347,0.451667,72.33836,22.4102,0.448204,76.2083,0.762083,4.427714519,0.106354,1138,2213,3351
122,5/2/11,2,0,5,0,1,1,2,72.5285246,22.515847,0.549167,79.95497,26.64165,0.532833,73,0.73,7.637530694,0.183454,847,3554,4401
123,5/3/11,2,0,5,0,2,1,2,77.5100246,25.283347,0.616667,84.38711,29.10395,0.582079,69.7083,0.697083,14.26586354,0.342667,603,3848,4451
124,5/4/11,2,0,5,0,3,1,2,62.5655246,16.980847,0.414167,68.4185,20.2325,0.40465,73.7083,0.737083,13.69671443,0.328996,255,2378,2633
125,5/5/11,2,0,5,0,4,1,1,65.8865246,18.825847,0.459167,71.77253,22.09585,0.441917,44.4167,0.444167,12.2977175,0.295392,614,3819,4433
126,5/6/11,2,0,5,0,5,1,1,67.3625246,19.645847,0.479167,74.67053,23.70585,0.474117,59,0.59,9.502304833,0.228246,894,3714,4608
127,5/7/11,2,0,5,0,6,0,1,70.376,21.32,0.52,78.13589,25.63105,0.512621,54.125,0.54125,6.679831456,0.16045,1612,3102,4714
128,5/8/11,2,0,5,0,0,0,1,70.9909754,21.661653,0.528333,78.70397,25.94665,0.518933,63.1667,0.631667,3.107297727,0.0746375,1401,2932,4333
129,5/9/11,2,0,5,0,1,1,1,71.2985,21.8325,0.5325,79.27214,26.2623,0.525246,58.875,0.58875,7.327206832,0.176,664,3698,4362
130,5/10/11,2,0,5,0,2,1,1,71.2985,21.8325,0.5325,79.04489,26.13605,0.522721,48.9167,0.489167,4.815598531,0.115671,694,4109,4803
131,5/11/11,2,0,5,0,3,1,1,72.0365,22.2425,0.5425,79.556,26.42,0.5284,63.2917,0.632917,5.022550492,0.120642,550,3632,4182
132,5/12/11,2,0,5,0,4,1,1,71.483,21.935,0.535,79.10267,26.16815,0.523363,74.75,0.7475,7.896189422,0.189667,695,4169,4864
133,5/13/11,2,0,5,0,5,1,2,69.8225,21.0125,0.5125,76.487,24.715,0.4943,86.3333,0.863333,7.482285499,0.179725,692,3413,4105
134,5/14/11,2,0,5,0,6,0,2,70.4374754,21.354153,0.520833,77.05661,25.03145,0.500629,92.25,0.9225,5.618219102,0.13495,902,2507,3409
135,5/15/11,2,0,5,0,0,0,2,73.5125,23.0625,0.5625,80.24,26.8,0.536,86.7083,0.867083,6.368799852,0.152979,1582,2971,4553
136,5/16/11,2,0,5,0,1,1,1,74.6195,23.6775,0.5775,81.54608,27.5256,0.550512,78.7917,0.787917,5.281875329,0.126871,773,3185,3958
137,5/17/11,2,0,5,0,2,1,2,73.4510246,23.028347,0.561667,80.46761,26.92645,0.538529,83.7917,0.837917,11.54676207,0.277354,678,3445,4123
138,5/18/11,2,0,5,0,3,1,2,72.59,22.55,0.55,79.44422,26.3579,0.527158,87,0.87,8.388486131,0.201492,536,3319,3855
139,5/19/11,2,0,5,0,4,1,2,71.1754754,21.764153,0.530833,77.96678,25.5371,0.510742,82.9583,0.829583,4.505108142,0.108213,735,3840,4575
140,5/20/11,2,0,5,0,5,1,1,71.6060246,22.003347,0.536667,79.61378,26.4521,0.529042,71.9583,0.719583,5.204523339,0.125013,909,4008,4917
141,5/21/11,2,0,5,0,6,0,1,76.4645,24.7025,0.6025,83.47775,28.59875,0.571975,62.6667,0.626667,5.022883547,0.12065,2258,3547,5805
142,5/22/11,2,0,5,0,0,0,1,76.5875246,24.770847,0.604167,83.705,28.725,0.5745,74.9583,0.749583,6.161847891,0.148008,1576,3084,4660
143,5/23/11,2,0,5,0,1,1,2,78.6170246,25.898347,0.631667,85.12664,29.5148,0.590296,81,0.81,9.735276705,0.233842,836,3438,4274
144,5/24/11,2,0,5,0,2,1,2,80.708,27.06,0.66,86.43317,30.24065,0.604813,74.0833,0.740833,8.62162453,0.207092,659,3833,4492
145,5/25/11,2,0,5,0,3,1,1,80.7694754,27.094153,0.660833,87.39878,30.7771,0.615542,69.625,0.69625,6.421006201,0.154233,740,4238,4978
146,5/26/11,2,0,5,0,4,1,1,84.2749754,29.041653,0.708333,90.92192,32.7344,0.654688,67.75,0.6775,8.311467195,0.199642,758,3919,4677
147,5/27/11,2,0,5,0,5,1,1,82.3070246,27.948347,0.681667,89.33072,31.8504,0.637008,65.375,0.65375,10.01991371,0.240679,871,3808,4679
148,5/28/11,2,0,5,0,6,0,1,80.4004754,26.889153,0.655833,87.11411,30.61895,0.612379,72.9583,0.729583,9.579157241,0.230092,2001,2757,4758
149,5/29/11,2,0,5,0,0,0,1,81.2615,27.3675,0.6675,87.3995,30.7775,0.61555,81.875,0.81875,8.906636223,0.213938,2355,2433,4788
150,5/30/11,2,0,5,1,1,0,1,86.1199754,30.066653,0.733333,92.39828,33.5546,0.671092,68.5,0.685,5.463140435,0.131225,1549,2549,4098
151,5/31/11,2,0,5,0,2,1,1,89.195,31.775,0.775,97.28447,36.26915,0.725383,63.6667,0.636667,4.634833008,0.111329,673,3309,3982
152,6/1/11,2,0,6,0,3,1,2,88.3955246,31.330847,0.764167,96.88703,36.04835,0.720967,67.7083,0.677083,8.62162453,0.207092,513,3461,3974
153,6/2/11,2,0,6,0,4,1,1,84.767,29.315,0.715,89.95478,32.1971,0.643942,30.5,0.305,12.16845059,0.292287,736,4232,4968
154,6/3/11,2,0,6,0,5,1,1,77.756,25.42,0.62,84.84197,29.35665,0.587133,35.4167,0.354167,10.53789728,0.253121,898,4414,5312
155,6/4/11,2,0,6,0,6,0,1,78.863,26.035,0.635,85.52264,29.7348,0.594696,45.625,0.45625,5.126630135,0.123142,1869,3473,5342
156,6/5/11,2,0,6,0,0,0,2,79.8469754,26.581653,0.648333,87.51236,30.8402,0.616804,65.25,0.6525,5.774005511,0.138692,1685,3221,4906
157,6/6/11,2,0,6,0,1,1,1,82.0609754,27.811653,0.678333,87.96722,31.0929,0.621858,60,0.6,5.074756841,0.121896,673,3875,4548
158,6/7/11,2,0,6,0,2,1,1,84.2135,29.0075,0.7075,91.0355,32.7975,0.65595,59.7917,0.597917,7.818795799,0.187808,763,4070,4833
159,6/8/11,2,0,6,0,3,1,1,89.2564754,31.809153,0.775833,97.45511,36.36395,0.727279,62.2083,0.622083,5.695945779,0.136817,676,3725,4401
160,6/9/11,2,0,6,0,4,1,2,91.6549754,33.141653,0.808333,100.18211,37.87895,0.757579,56.8333,0.568333,6.239907623,0.149883,563,3352,3915
161,6/10/11,2,0,6,0,5,1,1,87.719,30.955,0.755,95.29628,35.1646,0.703292,60.5,0.605,5.851524029,0.140554,815,3771,4586
162,6/11/11,2,0,6,0,6,0,1,85.505,29.725,0.725,93.02342,33.9019,0.678038,65.4583,0.654583,6.446693056,0.15485,1729,3237,4966
163,6/12/11,2,0,6,0,0,0,1,83.1065,28.3925,0.6925,89.89925,32.16625,0.643325,74.7917,0.747917,6.809597954,0.163567,1467,2993,4460
164,6/13/11,2,0,6,0,1,1,1,78.863,26.035,0.635,86.14886,30.0827,0.601654,49.4583,0.494583,12.71228753,0.30535,863,4157,5020
165,6/14/11,2,0,6,0,2,1,1,76.5875246,24.770847,0.604167,85.23914,29.5773,0.591546,50.7083,0.507083,11.21075135,0.269283,727,4164,4891
166,6/15/11,2,0,6,0,3,1,1,78.2480246,25.693347,0.626667,84.89786,29.3877,0.587754,47.1667,0.471667,6.990488373,0.167912,769,4411,5180
167,6/16/11,2,0,6,0,4,1,2,78.3709754,25.761653,0.628333,85.58114,29.7673,0.595346,68.8333,0.688333,8.595771147,0.206471,545,3222,3767
168,6/17/11,2,0,6,0,5,1,1,79.9085246,26.615847,0.649167,86.03447,30.01915,0.600383,73.5833,0.735833,5.954562875,0.143029,863,3981,4844
169,6/18/11,2,0,6,0,6,0,1,83.4140246,28.563347,0.696667,89.95586,32.1977,0.643954,67.0417,0.670417,4.971176781,0.119408,1807,3312,5119
170,6/19/11,2,0,6,0,0,0,2,83.5985246,28.665847,0.699167,90.12614,32.2923,0.645846,66.6667,0.666667,4.246449414,0.102,1639,3105,4744
171,6/20/11,2,0,6,0,1,1,2,78.863,26.035,0.635,85.58114,29.7673,0.595346,74.625,0.74625,6.472712967,0.155475,699,3311,4010
172,6/21/11,3,0,6,0,2,1,2,82.2454754,27.914153,0.680833,89.38814,31.8823,0.637646,77.0417,0.770417,7.120088343,0.171025,774,4061,4835
173,6/22/11,3,0,6,0,3,1,1,86.1199754,30.066653,0.733333,94.44461,34.69145,0.693829,70.75,0.7075,7.171586951,0.172262,661,3846,4507
174,6/23/11,3,0,6,0,4,1,2,85.7509754,29.861653,0.728333,94.44497,34.69165,0.693833,70.3333,0.703333,9.941853979,0.238804,746,4044,4790
175,6/24/11,3,0,6,0,5,1,1,85.4435246,29.690847,0.724167,91.09247,32.82915,0.656583,57.3333,0.573333,9.24331305,0.222025,969,4022,4991
176,6/25/11,3,0,6,0,6,0,1,83.291,28.495,0.695,89.89817,32.16565,0.643313,48.3333,0.483333,8.724829903,0.209571,1782,3420,5202
177,6/26/11,3,0,6,0,0,0,1,82.184,27.88,0.68,89.38661,31.88145,0.637629,51.3333,0.513333,3.935596827,0.0945333,1920,3385,5305
178,6/27/11,3,0,6,0,1,1,2,82.3685,27.9825,0.6825,89.33036,31.8502,0.637004,65.8333,0.658333,4.479088231,0.107588,854,3854,4708
179,6/28/11,3,0,6,0,2,1,1,86.9195246,30.510847,0.744167,94.33022,34.6279,0.692558,63.4167,0.634167,6.006769224,0.144283,732,3916,4648
180,6/29/11,3,0,6,0,3,1,1,85.7509754,29.861653,0.728333,90.92192,32.7344,0.654688,49.7917,0.497917,10.90009443,0.261821,848,4377,5225
181,6/30/11,3,0,6,0,4,1,1,83.4140246,28.563347,0.696667,89.33072,31.8504,0.637008,43.4167,0.434167,7.714882684,0.185312,1027,4488,5515
182,7/1/11,3,0,7,0,5,1,1,85.3205,29.6225,0.7225,90.69458,32.6081,0.652162,39.625,0.39625,4.271761583,0.102608,1246,4116,5362
183,7/2/11,3,0,7,0,6,0,1,86.4889754,30.271653,0.738333,92.05772,33.3654,0.667308,44.4583,0.444583,4.79024473,0.115062,2204,2915,5119
184,7/3/11,3,0,7,0,0,0,2,84.8900246,29.383347,0.716667,92.17175,33.42875,0.668575,68.25,0.6825,9.527783529,0.228858,2282,2367,4649
185,7/4/11,3,0,7,1,1,0,2,85.6280246,29.793347,0.726667,91.88753,33.27085,0.665417,63.7917,0.637917,3.392130403,0.0814792,3065,2978,6043
186,7/5/11,3,0,7,0,2,1,1,87.1040246,30.613347,0.746667,94.67042,34.8169,0.696338,59.0417,0.590417,5.256355001,0.126258,1031,3634,4665
187,7/6/11,3,0,7,0,3,1,1,85.136,29.52,0.72,93.70697,34.28165,0.685633,74.3333,0.743333,6.239907623,0.149883,784,3845,4629
188,7/7/11,3,0,7,0,4,1,1,87.35,30.75,0.75,93.81839,34.34355,0.686871,65.125,0.65125,6.627791634,0.1592,754,3838,4592
189,7/8/11,3,0,7,0,5,1,2,84.3365246,29.075847,0.709167,92.34347,33.52415,0.670483,75.7917,0.757917,9.372538335,0.225129,692,3348,4040
190,7/9/11,3,0,7,0,6,0,1,86.1199754,30.066653,0.733333,91.77422,33.2079,0.664158,60.9167,0.609167,6.990488373,0.167912,1988,3348,5336
191,7/10/11,3,0,7,0,0,0,1,87.1655,30.6475,0.7475,94.10225,34.50125,0.690025,57.8333,0.578333,7.638238436,0.183471,1743,3138,4881
192,7/11/11,3,0,7,0,1,1,1,88.2725,31.2625,0.7625,97.68236,36.4902,0.729804,63.5833,0.635833,11.75421361,0.282337,723,3363,4086
193,7/12/11,3,0,7,0,2,1,1,90.6095246,32.560847,0.794167,98.53475,36.96375,0.739275,55.9167,0.559167,8.336945892,0.200254,662,3596,4258
194,7/13/11,3,0,7,0,3,1,1,87.1040246,30.613347,0.746667,94.04636,34.4702,0.689404,63.1667,0.631667,6.083788159,0.146133,748,3594,4342
195,7/14/11,3,0,7,0,4,1,1,82.2454754,27.914153,0.680833,89.15936,31.7552,0.635104,47.625,0.47625,10.01941413,0.240667,888,4196,5084
196,7/15/11,3,0,7,0,5,1,1,80.9539754,27.196653,0.663333,88.19339,31.21855,0.624371,59.125,0.59125,7.611677311,0.182833,1318,4220,5538
197,7/16/11,3,0,7,0,6,0,1,82.6760246,28.153347,0.686667,89.44367,31.91315,0.638263,58.5,0.585,8.673664351,0.208342,2418,3505,5923
198,7/17/11,3,0,7,0,0,0,1,85.0745246,29.485847,0.719167,92.28497,33.49165,0.669833,60.4167,0.604167,10.20117882,0.245033,2006,3296,5302
199,7/18/11,3,0,7,0,1,1,1,87.1040246,30.613347,0.746667,95.35325,35.19625,0.703925,65.125,0.65125,8.984321268,0.215804,841,3617,4458
200,7/19/11,3,0,7,0,2,1,1,89.3180246,31.843347,0.776667,99.27311,37.37395,0.747479,65.0417,0.650417,5.437120524,0.1306,752,3789,4541
201,7/20/11,3,0,7,0,3,1,1,88.7029754,31.501653,0.768333,99.2165,37.3425,0.74685,70.7083,0.707083,4.738413068,0.113817,644,3688,4332
202,7/21/11,3,0,7,0,4,1,2,92.147,33.415,0.815,106.37339,41.31855,0.826371,69.125,0.69125,9.243146523,0.222021,632,3152,3784
203,7/22/11,3,0,7,0,5,1,1,94.6069754,34.781653,0.848333,107.68064,42.0448,0.840896,58.0417,0.580417,5.541200167,0.1331,562,2825,3387
204,7/23/11,3,0,7,0,6,0,1,94.6685246,34.815847,0.849167,104.38583,40.21435,0.804287,50,0.5,5.462973907,0.131221,987,2298,3285
205,7/24/11,3,0,7,0,0,0,1,93.254,34.03,0.83,103.53461,39.74145,0.794829,55.0833,0.550833,7.042902881,0.169171,1050,2556,3606
206,7/25/11,3,0,7,0,1,1,1,86.8579754,30.476653,0.743333,96.88622,36.0479,0.720958,75.7083,0.757083,3.78051816,0.0908083,568,3272,3840
207,7/26/11,3,0,7,0,2,1,1,88.9490246,31.638347,0.771667,94.72811,34.84895,0.696979,54.0833,0.540833,8.337112419,0.200258,750,3840,4590
208,7/27/11,3,0,7,0,3,1,1,89.195,31.775,0.775,94.16003,34.53335,0.690667,40.2917,0.402917,7.637905381,0.183463,755,3901,4656
209,7/28/11,3,0,7,0,4,1,1,89.5025246,31.945847,0.779167,98.591,36.995,0.7399,58.3333,0.583333,7.430412206,0.178479,606,3784,4390
210,7/29/11,3,0,7,0,5,1,1,93.8689754,34.371653,0.838333,102.73703,39.29835,0.785967,54.25,0.5425,7.249688314,0.174138,670,3176,3846
211,7/30/11,3,0,7,0,6,0,1,91.3475246,32.970847,0.804167,97.56833,36.42685,0.728537,46.5833,0.465833,7.016508283,0.168537,1559,2916,4475
212,7/31/11,3,0,7,0,0,0,1,91.4704754,33.039153,0.805833,97.68164,36.4898,0.729796,48.0833,0.480833,6.861471248,0.164813,1524,2778,4302
213,8/1/11,3,0,8,0,1,1,1,88.9490246,31.638347,0.771667,95.29628,35.1646,0.703292,55.0833,0.550833,6.524419733,0.156717,729,3537,4266
214,8/2/11,3,0,8,0,2,1,1,89.8099754,32.116653,0.783333,95.63639,35.35355,0.707071,49.125,0.49125,8.569917763,0.20585,801,4044,4845
215,8/3/11,3,0,8,0,3,1,2,85.9970246,29.998347,0.731667,93.19433,33.99685,0.679937,65.75,0.6575,5.644572068,0.135583,467,3107,3574
216,8/4/11,3,0,8,0,4,1,2,84.398,29.11,0.71,91.83092,33.2394,0.664788,75.75,0.7575,8.207720608,0.19715,799,3777,4576
217,8/5/11,3,0,8,0,5,1,1,84.4594754,29.144153,0.710833,91.09103,32.82835,0.656567,63.0833,0.630833,7.68923746,0.184696,1023,3843,4866
218,8/6/11,3,0,8,0,6,0,2,84.8900246,29.383347,0.716667,92.85386,33.8077,0.676154,75.5,0.755,9.50247136,0.22825,1521,2773,4294
219,8/7/11,3,0,8,0,0,0,1,86.7965,30.4425,0.7425,96.37628,35.7646,0.715292,75.2917,0.752917,8.388277971,0.201487,1298,2487,3785
220,8/8/11,3,0,8,0,1,1,1,88.457,31.365,0.765,95.29547,35.16415,0.703283,59.2083,0.592083,8.000602119,0.192175,846,3480,4326
221,8/9/11,3,0,8,0,2,1,1,89.195,31.775,0.775,97.17089,36.20605,0.724121,57.0417,0.570417,6.291447862,0.151121,907,3695,4602
222,8/10/11,3,0,8,0,3,1,1,88.5800246,31.433347,0.766667,93.64847,34.24915,0.684983,42.4167,0.424167,8.337112419,0.200258,884,3896,4780
223,8/11/11,3,0,8,0,4,1,1,84.9515,29.4175,0.7175,90.63689,32.57605,0.651521,42.375,0.42375,6.860763506,0.164796,812,3980,4792
224,8/12/11,3,0,8,0,5,1,1,84.2749754,29.041653,0.708333,90.86378,32.7021,0.654042,41.5,0.415,5.229835508,0.125621,1051,3854,4905
225,8/13/11,3,0,8,0,6,0,2,82.6144754,28.119153,0.685833,90.12722,32.2929,0.645858,72.9583,0.729583,8.80322269,0.211454,1504,2646,4150
226,8/14/11,3,0,8,0,0,0,2,81.9380246,27.743347,0.676667,88.19492,31.2194,0.624388,81.75,0.8175,9.268625219,0.222633,1338,2482,3820
227,8/15/11,3,0,8,0,1,1,1,81.1384754,27.299153,0.665833,87.45503,30.80835,0.616167,71.2083,0.712083,8.699143048,0.208954,775,3563,4338
228,8/16/11,3,0,8,0,2,1,1,83.7214754,28.734153,0.700833,90.12533,32.29185,0.645837,57.8333,0.578333,9.838815133,0.236329,721,4004,4725
229,8/17/11,3,0,8,0,3,1,1,85.3819754,29.656653,0.723333,92.00039,33.33355,0.666671,57.5417,0.575417,5.981124,0.143667,668,4026,4694
230,8/18/11,3,0,8,0,4,1,1,84.5210246,29.178347,0.711667,91.60322,33.1129,0.662258,65.4583,0.654583,9.708882107,0.233208,639,3166,3805
231,8/19/11,3,0,8,0,5,1,2,82.553,28.085,0.685,88.98989,31.66105,0.633221,72.2917,0.722917,5.799650735,0.139308,797,3356,4153
232,8/20/11,3,0,8,0,6,0,1,83.4755,28.5975,0.6975,90.40964,32.4498,0.648996,67.4167,0.674167,4.349155205,0.104467,1914,3277,5191
233,8/21/11,3,0,8,0,0,0,1,84.4594754,29.144153,0.710833,92.79725,33.77625,0.675525,77,0.77,10.35609096,0.248754,1249,2624,3873
234,8/22/11,3,0,8,0,1,1,1,83.0450246,28.358347,0.691667,89.44286,31.9127,0.638254,47,0.47,11.52161642,0.27675,833,3925,4758
235,8/23/11,3,0,8,0,2,1,1,79.2934754,26.274153,0.640833,86.54603,30.30335,0.606067,45.5417,0.455417,6.110016229,0.146763,1281,4614,5895
236,8/24/11,3,0,8,0,3,1,1,81.6919754,27.606653,0.673333,88.76228,31.5346,0.630692,60.5,0.605,10.53735606,0.253108,949,4181,5130
237,8/25/11,3,0,8,0,4,1,2,82.4915246,28.050847,0.684167,90.12686,32.2927,0.645854,77.1667,0.771667,8.777369307,0.210833,435,3107,3542
238,8/26/11,3,0,8,0,5,1,1,83.66,28.7,0.7,91.37597,32.98665,0.659733,76.125,0.76125,3.495514793,0.0839625,768,3893,4661
239,8/27/11,3,0,8,0,6,0,2,82.184,27.88,0.68,89.20004,31.7778,0.635556,85,0.85,15.63763323,0.375617,226,889,1115
240,8/28/11,3,0,8,0,0,0,1,84.1809542,28.989419,0.707059,90.31631,32.39795,0.647959,56.1765,0.561765,12.68351992,0.304659,1415,2919,4334
241,8/29/11,3,0,8,0,1,1,1,78.9860246,26.103347,0.636667,86.71622,30.3979,0.607958,55.4583,0.554583,6.653811545,0.159825,729,3905,4634
242,8/30/11,3,0,8,0,2,1,1,79.1705246,26.205847,0.639167,85.52336,29.7352,0.594704,54.8333,0.548333,5.20431518,0.125008,775,4429,5204
243,8/31/11,3,0,8,0,3,1,1,80.4620246,26.923347,0.656667,87.00089,30.55605,0.611121,59.7917,0.597917,3.469320029,0.0833333,688,4370,5058
244,9/1/11,3,0,9,0,4,1,1,80.339,26.855,0.655,87.34289,30.74605,0.614921,63.9167,0.639167,5.903230795,0.141796,783,4332,5115
245,9/2/11,3,0,9,0,5,1,2,79.4779754,26.376653,0.643333,86.43272,30.2404,0.604808,72.7083,0.727083,5.825504118,0.139929,875,3852,4727
246,9/3/11,3,0,9,0,6,0,1,81.3845246,27.435847,0.669167,88.98917,31.66065,0.633213,71.6667,0.716667,7.715423899,0.185325,1935,2549,4484
247,9/4/11,3,0,9,0,0,0,1,84.3365246,29.075847,0.709167,91.88861,33.27145,0.665429,74.2083,0.742083,8.595604619,0.206467,2521,2419,4940
248,9/5/11,3,0,9,1,1,0,2,81.6919754,27.606653,0.673333,88.30814,31.2823,0.625646,79.0417,0.790417,8.854929456,0.212696,1236,2115,3351
249,9/6/11,3,0,9,0,2,1,3,71.852,22.14,0.54,78.368,25.76,0.5152,88.6957,0.886957,14.31898579,0.343943,204,2506,2710
250,9/7/11,3,0,9,0,3,1,3,76.2185246,24.565847,0.599167,80.98061,27.21145,0.544229,91.7083,0.917083,4.039156072,0.0970208,118,1878,1996
251,9/8/11,3,0,9,0,4,1,3,78.7827794,25.990433,0.633913,81.98249,27.76805,0.555361,93.9565,0.939565,8.024457173,0.192748,153,1689,1842
252,9/9/11,3,0,9,0,5,1,2,79.97,26.65,0.65,84.10514,28.9473,0.578946,89.7917,0.897917,5.178128742,0.124379,417,3127,3544
253,9/10/11,3,0,9,0,6,0,1,80.708,27.06,0.66,86.71658,30.3981,0.607962,75.375,0.75375,6.39498629,0.153608,1750,3595,5345
254,9/11/11,3,0,9,0,0,0,1,80.2159754,26.786653,0.653333,86.83061,30.46145,0.609229,71.375,0.71375,4.789911675,0.115054,1633,3413,5046
255,9/12/11,3,0,9,0,1,1,1,79.5528824,26.418268,0.644348,86.1917,30.1065,0.60213,69.2174,0.692174,3.701613301,0.088913,690,4023,4713
256,9/13/11,3,0,9,0,2,1,1,80.0314754,26.684153,0.650833,86.31986,30.1777,0.603554,71.25,0.7125,5.90356385,0.141804,701,4062,4763
257,9/14/11,3,0,9,0,3,1,1,81.6919754,27.606653,0.673333,88.421,31.345,0.6269,69.7083,0.697083,6.965009676,0.1673,647,4138,4785
258,9/15/11,3,0,9,0,4,1,2,74.6195,23.6775,0.5775,81.83039,27.68355,0.553671,70.9167,0.709167,11.2883115,0.271146,428,3231,3659
259,9/16/11,3,0,9,0,5,1,2,66.6245246,19.235847,0.469167,73.53275,23.07375,0.461475,59.0417,0.590417,6.835243178,0.164183,742,4018,4760
260,9/17/11,3,0,9,0,6,0,2,68.2850246,20.158347,0.491667,75.06608,23.9256,0.478512,71.8333,0.718333,7.896522476,0.189675,1434,3077,4511
261,9/18/11,3,0,9,0,0,0,1,69.4535,20.8075,0.5075,76.14833,24.52685,0.490537,69.5,0.695,7.430578733,0.178483,1353,2921,4274
262,9/19/11,3,0,9,0,1,1,2,72.5285246,22.515847,0.549167,79.67075,26.48375,0.529675,69,0.69,6.317301245,0.151742,691,3848,4539
263,9/20/11,3,0,9,0,2,1,2,73.4510246,23.028347,0.561667,79.89953,26.61085,0.532217,88.125,0.88125,5.61838563,0.134954,438,3203,3641
264,9/21/11,3,0,9,0,3,1,2,75.911,24.395,0.595,81.54797,27.52665,0.550533,90,0.9,4.013485869,0.0964042,539,3813,4352
265,9/22/11,3,0,9,0,4,1,2,78.3709754,25.761653,0.628333,81.94667,27.74815,0.554963,90.2083,0.902083,5.334081678,0.128125,555,4240,4795
266,9/23/11,4,0,9,0,5,1,2,76.9565246,24.975847,0.609167,78.99125,26.10625,0.522125,97.25,0.9725,3.262551248,0.0783667,258,2137,2395
267,9/24/11,4,0,9,0,6,0,2,76.7720246,24.873347,0.606667,82.79708,28.2206,0.564412,86.25,0.8625,3.263242337,0.0783833,1776,3647,5423
268,9/25/11,4,0,9,0,0,0,2,78.8015246,26.000847,0.634167,83.53733,28.63185,0.572637,84.5,0.845,2.09737965,0.0503792,1544,3466,5010
269,9/26/11,4,0,9,0,1,1,2,79.9085246,26.615847,0.649167,85.01378,29.4521,0.589042,84.8333,0.848333,4.60864657,0.1107,684,3946,4630
270,9/27/11,4,0,9,0,2,1,2,78.9860246,26.103347,0.636667,83.70725,28.72625,0.574525,88.5417,0.885417,4.919678174,0.118171,477,3643,4120
271,9/28/11,4,0,9,0,3,1,2,78.863,26.035,0.635,83.76422,28.7579,0.575158,84.875,0.84875,6.187701274,0.148629,480,3427,3907
272,9/29/11,4,0,9,0,4,1,1,77.5100246,25.283347,0.616667,83.70608,28.7256,0.574512,69.9167,0.699167,7.197440334,0.172883,653,4186,4839
273,9/30/11,4,0,9,0,5,1,1,73.6355246,23.130847,0.564167,81.03461,27.24145,0.544829,64.75,0.6475,8.595937674,0.206475,830,4372,5202
274,10/1/11,4,0,10,0,6,0,2,62.258,16.81,0.41,69.15767,20.64315,0.412863,75.375,0.75375,12.16882527,0.292296,480,1949,2429
275,10/2/11,4,0,10,0,0,0,2,58.3220246,14.623347,0.356667,63.07853,17.26585,0.345317,79.1667,0.791667,9.242813468,0.222013,616,2302,2918
276,10/3/11,4,0,10,0,1,1,2,60.3515246,15.750847,0.384167,67.28414,19.6023,0.392046,76.0833,0.760833,3.469840427,0.0833458,330,3240,3570
277,10/4/11,4,0,10,0,2,1,1,67.7315246,19.850847,0.484167,74.55722,23.6429,0.472858,71,0.71,8.570084291,0.205854,486,3970,4456
278,10/5/11,4,0,10,0,3,1,1,71.7289754,22.071653,0.538333,79.44242,26.3569,0.527138,64.7917,0.647917,7.379246653,0.17725,559,4267,4826
279,10/6/11,4,0,10,0,4,1,1,68.4695246,20.260847,0.494167,75.23825,24.02125,0.480425,62.0833,0.620833,5.61838563,0.134954,639,4126,4765
280,10/7/11,4,0,10,0,5,1,1,69.6994754,20.944153,0.510833,77.39636,25.2202,0.504404,68.4167,0.684167,0.932208052,0.0223917,949,4036,4985
281,10/8/11,4,0,10,0,6,0,1,70.4990246,21.388347,0.521667,78.19178,25.6621,0.513242,70.125,0.70125,1.890261162,0.0454042,2235,3174,5409
282,10/9/11,4,0,10,0,0,0,1,71.9134754,22.174153,0.540833,79.15847,26.19915,0.523983,72.75,0.7275,2.641541327,0.06345,2397,3114,5511
283,10/10/11,4,0,10,1,1,0,1,74.1274754,23.404153,0.570833,80.86325,27.14625,0.542925,73.375,0.73375,1.761202405,0.0423042,1514,3603,5117
284,10/11/11,4,0,10,0,2,1,2,73.8200246,23.233347,0.566667,81.14864,27.3048,0.546096,80.875,0.80875,5.955104089,0.143042,667,3896,4563
285,10/12/11,4,0,10,0,3,1,3,72.0979754,22.276653,0.543333,78.59453,25.88585,0.517717,90.625,0.90625,10.33094531,0.24815,217,2199,2416
286,10/13/11,4,0,10,0,4,1,2,75.4805246,24.155847,0.589167,81.66236,27.5902,0.551804,89.6667,0.896667,5.902856108,0.141787,290,2623,2913
287,10/14/11,4,0,10,0,5,1,2,72.6514754,22.584153,0.550833,79.67075,26.48375,0.529675,71.625,0.71625,9.320665041,0.223883,529,3115,3644
288,10/15/11,4,0,10,0,6,0,1,69.3920246,20.773347,0.506667,76.88525,24.93625,0.498725,48.3333,0.483333,10.74447455,0.258083,1899,3318,5217
289,10/16/11,4,0,10,0,0,0,1,69.7610246,20.978347,0.511667,77.28386,25.1577,0.503154,48.6667,0.486667,11.72840186,0.281717,1748,3293,5041
290,10/17/11,4,0,10,0,1,1,1,71.4215246,21.900847,0.534167,77.96525,25.53625,0.510725,57.9583,0.579583,7.301353449,0.175379,713,3857,4570
291,10/18/11,4,0,10,0,2,1,2,71.2985,21.8325,0.5325,79.04489,26.13605,0.522721,70.1667,0.701667,4.583126242,0.110087,637,4111,4748
292,10/19/11,4,0,10,0,3,1,3,71.9803382,22.211299,0.541739,78.24632,25.6924,0.513848,89.5217,0.895217,10.13065445,0.243339,254,2170,2424
293,10/20/11,4,0,10,0,4,1,1,67.1164754,19.509153,0.475833,73.98725,23.32625,0.466525,63.625,0.63625,17.58009241,0.422275,471,3724,4195
294,10/21/11,4,0,10,0,5,1,1,63.5495,17.5275,0.4275,70.12364,21.1798,0.423596,57.4167,0.574167,9.217126612,0.221396,676,3628,4304
295,10/22/11,4,0,10,0,6,0,1,63.1805,17.3225,0.4225,70.29428,21.2746,0.425492,62.9167,0.629167,3.857886803,0.0926667,1499,2809,4308
296,10/23/11,4,0,10,0,0,0,1,63.1190246,17.288347,0.421667,70.00997,21.11665,0.422333,74.125,0.74125,4.14289017,0.0995125,1619,2762,4381
297,10/24/11,4,0,10,0,1,1,1,66.1939754,18.996653,0.463333,73.13603,22.85335,0.457067,77.2083,0.772083,4.945531557,0.118792,699,3488,4187
298,10/25/11,4,0,10,0,2,1,1,66.8090246,19.338347,0.471667,73.70375,23.16875,0.463375,62.2917,0.622917,6.938282024,0.166658,695,3992,4687
299,10/26/11,4,0,10,0,3,1,2,67.7315246,19.850847,0.484167,74.55614,23.6423,0.472846,72.0417,0.720417,6.188242488,0.148642,404,3490,3894
300,10/27/11,4,0,10,0,4,1,2,66.686,19.27,0.47,73.13414,22.8523,0.457046,81.2917,0.812917,8.233240936,0.197763,240,2419,2659
301,10/28/11,4,0,10,0,5,1,2,56.4154754,13.564153,0.330833,60.69308,15.9406,0.318812,58.5833,0.585833,9.553636913,0.229479,456,3291,3747
302,10/29/11,4,0,10,0,6,0,3,50.7575246,10.420847,0.254167,52.51217,11.39565,0.227913,88.25,0.8825,14.62822723,0.351371,57,570,627
303,10/30/11,4,0,10,0,0,0,1,55.5545246,13.085847,0.319167,60.91961,16.06645,0.321329,62.375,0.62375,7.352893688,0.176617,885,2446,3331
304,10/31/11,4,0,10,0,1,1,1,57.092,13.94,0.34,64.04567,17.80315,0.356063,70.3333,0.703333,4.427547992,0.10635,362,3307,3669
305,11/1/11,4,0,11,0,2,1,1,61.5814754,16.434153,0.400833,67.73792,19.8544,0.397088,68.375,0.68375,5.644072485,0.135571,410,3658,4068
306,11/2/11,4,0,11,0,3,1,1,59.8595,15.4775,0.3775,67.11197,19.50665,0.390133,71.875,0.71875,3.417629915,0.0820917,370,3816,4186
307,11/3/11,4,0,11,0,4,1,1,62.1349754,16.741653,0.408333,68.53289,20.29605,0.405921,70.2083,0.702083,5.695945779,0.136817,318,3656,3974
308,11/4/11,4,0,11,0,5,1,2,61.7659754,16.536653,0.403333,68.30528,20.1696,0.403392,62.25,0.6225,11.31466446,0.271779,470,3576,4046
309,11/5/11,4,0,11,0,6,0,1,56.1080246,13.393347,0.326667,61.14686,16.1927,0.323854,51.9167,0.519167,7.871002148,0.189062,1156,2770,3926
310,11/6/11,4,0,11,0,0,0,1,57.7069754,14.281653,0.348333,64.61222,18.1179,0.362358,73.4583,0.734583,3.832387291,0.0920542,952,2697,3649
311,11/7/11,4,0,11,0,1,1,1,61.151,16.195,0.395,68.07839,20.04355,0.400871,75.875,0.75875,2.382383017,0.057225,373,3662,4035
312,11/8/11,4,0,11,0,2,1,1,62.1349754,16.741653,0.408333,69.10214,20.6123,0.412246,72.1667,0.721667,2.874159328,0.0690375,376,3829,4205
313,11/9/11,4,0,11,0,3,1,1,61.52,16.4,0.4,68.81711,20.45395,0.409079,75.8333,0.758333,2.589326652,0.0621958,305,3804,4109
314,11/10/11,4,0,11,0,4,1,2,60.044,15.58,0.38,65.63489,18.68605,0.373721,81.3333,0.813333,7.871210307,0.189067,190,2743,2933
315,11/11/11,4,0,11,1,5,0,1,55.9235246,13.290847,0.324167,59.61353,15.34085,0.306817,44.625,0.44625,13.1005046,0.314675,440,2928,3368
316,11/12/11,4,0,11,0,6,0,1,58.3220246,14.623347,0.356667,64.21478,17.8971,0.357942,55.2917,0.552917,8.828534859,0.212062,1275,2792,4067
317,11/13/11,4,0,11,0,0,0,1,64.5334754,18.074153,0.440833,70.7495,21.5275,0.43055,45.8333,0.458333,11.72856839,0.281721,1004,2713,3717
318,11/14/11,4,0,11,0,1,1,1,71.114,21.73,0.53,79.21508,26.2306,0.524612,58.7083,0.587083,12.76416083,0.306596,595,3891,4486
319,11/15/11,4,0,11,0,2,1,2,71.114,21.73,0.53,77.68211,25.37895,0.507579,68.875,0.68875,8.311092508,0.199633,449,3746,4195
320,11/16/11,4,0,11,0,3,1,3,65.7020246,18.723347,0.456667,72.67892,22.5994,0.451988,93,0.93,5.696445361,0.136829,145,1672,1817
321,11/17/11,4,0,11,0,4,1,2,57.2150246,14.008347,0.341667,61.08989,16.16105,0.323221,57.5833,0.575833,12.71278712,0.305362,139,2914,3053
322,11/18/11,4,0,11,0,5,1,1,52.2335246,11.240847,0.274167,56.54489,13.63605,0.272721,41,0.41,7.016341756,0.168533,245,3147,3392
323,11/19/11,4,0,11,0,6,0,1,56.2925246,13.495847,0.329167,61.20347,16.22415,0.324483,50.2083,0.502083,9.346185369,0.224496,943,2720,3663
324,11/20/11,4,0,11,0,0,0,2,66.1939754,18.996653,0.463333,73.13522,22.8529,0.457058,68.4583,0.684583,7.741443809,0.18595,787,2733,3520
325,11/21/11,4,0,11,0,1,1,3,65.0255,18.3475,0.4475,72.05558,22.2531,0.445062,91,0.91,5.747444386,0.138054,220,2545,2765
326,11/22/11,4,0,11,0,2,1,3,62.7500246,17.083347,0.416667,69.95264,21.0848,0.421696,96.25,0.9625,4.945531557,0.118792,69,1538,1607
327,11/23/11,4,0,11,0,3,1,2,64.5334754,18.074153,0.440833,70.74833,21.52685,0.430537,75.7917,0.757917,13.98101838,0.335825,112,2454,2566
328,11/24/11,4,0,11,1,4,0,1,59.5519754,15.306653,0.373333,65.52239,18.62355,0.372471,54.9167,0.549167,6.965176204,0.167304,560,935,1495
329,11/25/11,4,0,11,0,5,1,1,59.675,15.375,0.375,66.26039,19.03355,0.380671,64.375,0.64375,4.117215804,0.0988958,1095,1697,2792
330,11/26/11,4,0,11,0,6,0,1,59.7364754,15.409153,0.375833,66.65783,19.25435,0.385087,68.1667,0.681667,2.848484961,0.0684208,1249,1819,3068
331,11/27/11,4,0,11,0,0,0,1,65.8865246,18.825847,0.459167,73.022,22.79,0.4558,69.8333,0.698333,8.699143048,0.208954,810,2261,3071
332,11/28/11,4,0,11,0,1,1,1,69.1566764,20.642598,0.503478,76.11098,24.5061,0.490122,74.3043,0.743043,5.916802781,0.142122,253,3614,3867
333,11/29/11,4,0,11,0,2,1,2,65.8249754,18.791653,0.458333,72.62375,22.56875,0.451375,83.0833,0.830833,10.74484924,0.258092,96,2818,2914
334,11/30/11,4,0,11,0,3,1,1,55.985,13.325,0.325,60.00989,15.56105,0.311221,61.3333,0.613333,11.28881108,0.271158,188,3425,3613
335,12/1/11,4,0,12,0,4,1,1,55.0625,12.8125,0.3125,59.49986,15.2777,0.305554,52.4583,0.524583,9.165586373,0.220158,182,3545,3727
336,12/2/11,4,0,12,0,5,1,1,55.1855246,12.880847,0.314167,61.82897,16.57165,0.331433,62.5833,0.625833,4.19457612,0.100754,268,3672,3940
337,12/3/11,4,0,12,0,6,0,1,54.0785246,12.265847,0.299167,59.95436,15.5302,0.310604,61.2917,0.612917,3.987636649,0.0957833,706,2908,3614
338,12/4/11,4,0,12,0,0,0,1,56.4154754,13.564153,0.330833,63.419,17.455,0.3491,77.5833,0.775833,3.49533994,0.0839583,634,2851,3485
339,12/5/11,4,0,12,0,1,1,2,60.4744754,15.819153,0.385833,67.45325,19.69625,0.393925,82.7083,0.827083,2.58984705,0.0622083,233,3578,3811
340,12/6/11,4,0,12,0,2,1,3,66.1325,18.9625,0.4625,73.076,22.82,0.4564,94.9583,0.949583,9.682862197,0.232583,126,2468,2594
341,12/7/11,4,0,12,0,3,1,3,62.258,16.81,0.41,68.02214,20.0123,0.400246,97.0417,0.970417,11.08135954,0.266175,50,655,705
342,12/8/11,4,0,12,0,4,1,1,51.6184754,10.899153,0.265833,55.12442,12.8469,0.256938,58,0.58,9.994060328,0.240058,150,3172,3322
343,12/9/11,4,0,12,0,5,1,1,53.4634754,11.924153,0.290833,60.57878,15.8771,0.317542,69.5833,0.695833,3.443649826,0.0827167,261,3359,3620
344,12/10/11,4,0,12,0,6,0,1,52.295,11.275,0.275,55.97708,13.3206,0.266412,50.75,0.5075,9.709423321,0.233221,502,2688,3190
345,12/11/11,4,0,12,0,0,0,1,48.2974754,9.054153,0.220833,54.78386,12.6577,0.253154,49,0.49,2.770254539,0.0665417,377,2366,2743
346,12/12/11,4,0,12,0,1,1,1,49.5889754,9.771653,0.238333,56.31764,13.5098,0.270196,67.0833,0.670833,2.641541327,0.06345,143,3167,3310
347,12/13/11,4,0,12,0,2,1,1,52.8485,11.5825,0.2825,59.10242,15.0569,0.301138,59,0.59,5.851357501,0.14055,155,3368,3523
348,12/14/11,4,0,12,0,3,1,2,55.4315,13.0175,0.3175,62.45258,16.9181,0.338362,66.375,0.66375,2.537807229,0.0609583,178,3562,3740
349,12/15/11,4,0,12,0,4,1,2,63.1805,17.3225,0.4225,69.10133,20.61185,0.412237,63.4167,0.634167,11.15908621,0.268042,181,3528,3709
350,12/16/11,4,0,12,0,5,1,2,59.675,15.375,0.375,64.38425,17.99125,0.359825,50.0417,0.500417,10.84822114,0.260575,178,3399,3577
351,12/17/11,4,0,12,0,6,0,2,51.0649754,10.591653,0.258333,54.44339,12.46855,0.249371,56.0833,0.560833,10.12349377,0.243167,275,2464,2739
352,12/18/11,4,0,12,0,0,0,1,49.5889754,9.771653,0.238333,54.10211,12.27895,0.245579,58.625,0.58625,7.06821505,0.169779,220,2211,2431
353,12/19/11,4,0,12,0,1,1,1,52.4180246,11.343347,0.276667,57.28397,14.04665,0.280933,63.75,0.6375,7.197981548,0.172896,260,3143,3403
354,12/20/11,4,0,12,0,2,1,2,60.4744754,15.819153,0.385833,67.68086,19.8227,0.396454,59.5417,0.595417,2.563306741,0.0615708,216,3534,3750
355,12/21/11,1,0,12,0,3,1,2,63.6109754,17.561653,0.428333,70.52153,21.40085,0.428017,85.8333,0.858333,9.21729314,0.2214,107,2553,2660
356,12/22/11,1,0,12,0,4,1,2,63.2419754,17.356653,0.423333,70.35089,21.30605,0.426121,75.75,0.7575,1.96814604,0.047275,227,2841,3068
357,12/23/11,1,0,12,0,5,1,1,59.5519754,15.306653,0.373333,65.97617,18.87565,0.377513,68.625,0.68625,11.41737025,0.274246,163,2046,2209
358,12/24/11,1,0,12,0,6,0,1,54.3245,12.4025,0.3025,58.93178,14.9621,0.299242,54.25,0.5425,7.922708915,0.190304,155,856,1011
359,12/25/11,1,0,12,0,0,0,1,52.2789854,11.266103,0.274783,57.19649,13.99805,0.279961,68.1304,0.681304,6.456726334,0.155091,303,451,754
360,12/26/11,1,0,12,1,1,0,1,55.7443382,13.191299,0.321739,60.39815,15.77675,0.315535,50.6957,0.506957,9.969372637,0.239465,430,887,1317
361,12/27/11,1,0,12,0,2,1,2,55.985,13.325,0.325,61.48697,16.38165,0.327633,76.25,0.7625,7.845523452,0.18845,103,1059,1162
362,12/28/11,1,0,12,0,3,1,1,54.075794,12.26433,0.29913,57.19766,13.9987,0.279974,50.3913,0.503913,12.23814232,0.293961,255,2047,2302
363,12/29/11,1,0,12,0,4,1,1,50.3269754,10.181653,0.248333,55.75028,13.1946,0.263892,57.4167,0.574167,4.971343308,0.119412,254,2169,2423
364,12/30/11,1,0,12,0,5,1,1,55.0010246,12.778347,0.311667,60.69308,15.9406,0.318812,63.6667,0.636667,5.592698774,0.134337,491,2508,2999
365,12/31/11,1,0,12,0,6,0,1,62.258,16.81,0.41,69.27089,20.70605,0.414121,61.5833,0.615833,9.165419846,0.220154,665,1820,2485
366,1/1/12,1,1,1,0,0,0,1,59.306,15.17,0.37,65.80589,18.78105,0.375621,69.25,0.6925,8.000269064,0.192167,686,1608,2294
367,1/2/12,1,1,1,1,1,0,1,52.1505734,11.194763,0.273043,54.70736,12.6152,0.252304,38.1304,0.381304,13.72456614,0.329665,244,1707,1951
368,1/3/12,1,1,1,0,2,1,1,43.07,6.15,0.15,43.36475,6.31375,0.126275,44.125,0.44125,15.22356278,0.365671,89,2147,2236
369,1/4/12,1,1,1,0,3,1,2,39.9335,4.4075,0.1075,42.74033,5.96685,0.119337,41.4583,0.414583,7.689403988,0.1847,95,2273,2368
370,1/5/12,1,1,1,0,4,1,1,51.6184754,10.899153,0.265833,57.05708,13.9206,0.278412,52.4167,0.524167,5.411600196,0.129987,140,3132,3272
371,1/6/12,1,1,1,0,5,1,1,56.6615246,13.700847,0.334167,62.62403,17.01335,0.340267,54.2083,0.542083,6.990321845,0.167908,307,3791,4098
372,1/7/12,1,1,1,0,6,0,1,61.0279754,16.126653,0.393333,67.17011,19.53895,0.390779,53.1667,0.531667,7.275500066,0.174758,1070,3451,4521
373,1/8/12,1,1,1,0,0,0,1,56.9075,13.8375,0.3375,62.62322,17.0129,0.340258,46.5,0.465,7.974249153,0.191542,599,2826,3425
374,1/9/12,1,1,1,0,1,1,2,48.5435246,9.190847,0.224167,54.27311,12.37395,0.247479,70.1667,0.701667,4.117390657,0.0989,106,2270,2376
375,1/10/12,1,1,1,0,2,1,1,54.7817648,12.656536,0.308696,60.69434,15.9413,0.318826,64.6522,0.646522,7.808138044,0.187552,173,3425,3598
376,1/11/12,1,1,1,0,3,1,2,52.2335246,11.240847,0.274167,57.45389,14.14105,0.282821,84.75,0.8475,5.462973907,0.131221,92,2085,2177
377,1/12/12,1,1,1,0,4,1,2,60.2285,15.6825,0.3825,66.37442,19.0969,0.381938,80.2917,0.802917,7.533992266,0.180967,269,3828,4097
378,1/13/12,1,1,1,0,5,1,1,52.2335246,11.240847,0.274167,54.44258,12.4681,0.249362,50.75,0.5075,15.74133819,0.378108,174,3040,3214
379,1/14/12,1,1,1,0,6,0,1,45.284,7.38,0.18,48.47783,9.15435,0.183087,45.75,0.4575,7.792775889,0.187183,333,2160,2493
380,1/15/12,1,1,1,0,0,0,1,44.3000246,6.833347,0.166667,46.54625,8.08125,0.161625,41.9167,0.419167,10.46033713,0.251258,284,2027,2311
381,1/16/12,1,1,1,1,1,0,1,46.022,7.79,0.19,49.15967,9.53315,0.190663,52.25,0.5225,9.631863172,0.231358,217,2081,2298
382,1/17/12,1,1,1,0,2,1,2,59.5305734,15.294763,0.373043,64.78502,18.2139,0.364278,71.6087,0.716087,14.53493023,0.34913,127,2808,2935
383,1/18/12,1,1,1,0,3,1,1,54.3859754,12.436653,0.303333,56.77286,13.7627,0.275254,44.3333,0.443333,17.29508072,0.415429,109,3267,3376
384,1/19/12,1,1,1,0,4,1,1,46.022,7.79,0.19,49.10342,9.5019,0.190038,49.75,0.4975,9.165586373,0.220158,130,3162,3292
385,1/20/12,1,1,1,0,5,1,2,48.0515,8.9175,0.2175,51.88622,11.0479,0.220958,45,0.45,8.440859007,0.20275,115,3048,3163
386,1/21/12,1,1,1,0,6,0,2,44.7919754,7.106653,0.173333,47.73875,8.74375,0.174875,83.125,0.83125,9.268999906,0.222642,67,1234,1301
387,1/22/12,1,1,1,0,0,0,2,43.9925,6.6625,0.1625,46.6025,8.1125,0.16225,79.625,0.79625,8.311300668,0.199638,196,1781,1977
388,1/23/12,1,1,1,0,1,1,2,48.1129754,8.951653,0.218333,53.87522,12.1529,0.243058,91.125,0.91125,4.608979625,0.110708,145,2287,2432
389,1/24/12,1,1,1,0,2,1,1,57.2765,14.0425,0.3425,63.41972,17.4554,0.349108,83.5833,0.835833,5.152650045,0.123767,439,3900,4339
390,1/25/12,1,1,1,0,3,1,1,53.7095246,12.060847,0.294167,58.53389,14.74105,0.294821,64.375,0.64375,6.705684839,0.161071,467,3803,4270
391,1/26/12,1,1,1,0,4,1,2,57.2150246,14.008347,0.341667,64.0445,17.8025,0.35605,76.9583,0.769583,3.05560345,0.0733958,244,3831,4075
392,1/27/12,1,1,1,0,5,1,2,63.365,17.425,0.425,69.38447,20.76915,0.415383,74.125,0.74125,14.26586354,0.342667,269,3187,3456
393,1/28/12,1,1,1,0,6,0,1,55.3084754,12.949153,0.315833,61.37411,16.31895,0.326379,54.3333,0.543333,8.777202779,0.210829,775,3248,4023
394,1/29/12,1,1,1,0,0,0,1,52.8485,11.5825,0.2825,56.54489,13.63605,0.272721,31.125,0.31125,9.993727273,0.24005,558,2685,3243
395,1/30/12,1,1,1,0,1,1,1,51.8645246,11.035847,0.269167,55.63625,13.13125,0.262625,40.0833,0.400833,8.983821686,0.215792,126,3498,3624
396,1/31/12,1,1,1,0,2,1,1,60.782,15.99,0.39,66.31853,19.06585,0.381317,41.6667,0.416667,10.8999279,0.261817,324,4185,4509
397,2/1/12,1,1,2,0,3,1,1,66.6245246,19.235847,0.469167,73.98842,23.3269,0.466538,50.7917,0.507917,7.871210307,0.189067,304,4275,4579
398,2/2/12,1,1,2,0,4,1,2,61.4585246,16.365847,0.399167,67.90739,19.94855,0.398971,67.2917,0.672917,7.792942416,0.187187,190,3571,3761
399,2/3/12,1,1,2,0,5,1,1,55.1239754,12.846653,0.313333,59.84114,15.4673,0.309346,52.6667,0.526667,7.431119947,0.178496,310,3841,4151
400,2/4/12,1,1,2,0,6,0,2,51.4955246,10.830847,0.264167,56.54525,13.63625,0.272725,77.9583,0.779583,5.074756841,0.121896,384,2448,2832
401,2/5/12,1,1,2,0,0,0,2,51.6184754,10.899153,0.265833,55.80689,13.22605,0.264521,68.7917,0.687917,7.327040305,0.175996,318,2629,2947
402,2/6/12,1,1,2,0,1,1,1,52.8565442,11.586969,0.282609,58.67834,14.8213,0.296426,62.2174,0.622174,6.402979607,0.1538,206,3578,3784
403,2/7/12,1,1,2,0,2,1,1,58.1375246,14.520847,0.354167,64.49936,18.0552,0.361104,49.625,0.49625,6.135661453,0.147379,199,4176,4375
404,2/8/12,1,1,2,0,3,1,2,50.9420246,10.523347,0.256667,55.97789,13.32105,0.266421,72.2917,0.722917,5.56705355,0.133721,109,2693,2802
405,2/9/12,1,1,2,0,4,1,1,51.557,10.865,0.265,55.57892,13.0994,0.261988,56.2083,0.562083,8.078120637,0.194037,163,3667,3830
406,2/10/12,1,1,2,0,5,1,2,52.7254754,11.514153,0.280833,58.42022,14.6779,0.293558,54,0.54,4.867971407,0.116929,227,3604,3831
407,2/11/12,1,1,2,0,6,0,3,48.5435246,9.190847,0.224167,50.97803,10.54335,0.210867,73.125,0.73125,12.06474563,0.289796,192,1977,2169
408,2/12/12,1,1,2,0,0,0,1,41.4095,5.2275,0.1275,41.14922,5.0829,0.101658,46.4583,0.464583,17.03625547,0.409212,73,1456,1529
409,2/13/12,1,1,2,0,1,1,1,48.4205,9.1225,0.2225,52.51217,11.39565,0.227913,41.125,0.41125,6.964301935,0.167283,94,3328,3422
410,2/14/12,1,1,2,0,2,1,2,55.5545246,13.085847,0.319167,62.05514,16.6973,0.333946,50.875,0.50875,5.877543939,0.141179,135,3787,3922
411,2/15/12,1,1,2,0,3,1,1,57.7069754,14.281653,0.348333,63.64661,17.58145,0.351629,53.125,0.53125,7.560345231,0.1816,141,4028,4169
412,2/16/12,1,1,2,0,4,1,2,55.3700246,12.983347,0.316667,61.71458,16.5081,0.330162,75.2917,0.752917,3.806192526,0.091425,74,2931,3005
413,2/17/12,1,1,2,0,5,1,1,57.3379754,14.076653,0.343333,63.64661,17.58145,0.351629,63.4583,0.634583,8.569751236,0.205846,349,3805,4154
414,2/18/12,1,1,2,0,6,0,1,57.5840246,14.213347,0.346667,63.98825,17.77125,0.355425,53.4583,0.534583,7.948728825,0.190929,1435,2883,4318
415,2/19/12,1,1,2,0,0,0,2,52.664,11.48,0.28,55.92092,13.2894,0.265788,51.5833,0.515833,10.53752259,0.253112,618,2071,2689
416,2/20/12,1,1,2,1,1,0,1,52.664,11.48,0.28,56.60519,13.66955,0.273391,50.7826,0.507826,9.537150697,0.229083,502,2627,3129
417,2/21/12,1,1,2,0,2,1,1,53.2415588,11.800866,0.287826,58.56017,14.75565,0.295113,59.4348,0.594348,8.564380726,0.205717,163,3614,3777
418,2/22/12,1,1,2,0,3,1,1,61.2124754,16.229153,0.395833,67.34003,19.63335,0.392667,56.7917,0.567917,9.761463143,0.234471,394,4379,4773
419,2/23/12,1,1,2,0,4,1,1,65.5175246,18.620847,0.454167,72.00014,22.2223,0.444446,55.4583,0.554583,7.948062715,0.190913,516,4546,5062
420,2/24/12,1,1,2,0,5,1,2,62.0735,16.7075,0.4075,68.98739,20.54855,0.410971,73.75,0.7375,9.890355372,0.237567,246,3241,3487
421,2/25/12,1,1,2,0,6,0,1,53.4634754,11.924153,0.290833,55.01075,12.78375,0.255675,39.5833,0.395833,17.55373945,0.421642,317,2415,2732
422,2/26/12,1,1,2,0,0,0,1,52.6025246,11.445847,0.279167,56.14772,13.4154,0.268308,41,0.41,8.54406438,0.205229,515,2874,3389
423,2/27/12,1,1,2,0,1,1,1,59.0600246,15.033347,0.366667,64.21586,17.8977,0.357954,49.0833,0.490833,11.15871153,0.268033,253,4069,4322
424,2/28/12,1,1,2,0,2,1,1,58.5065246,14.725847,0.359167,63.81725,17.67625,0.353525,39.5833,0.395833,8.052308885,0.193417,229,4134,4363
425,2/29/12,1,1,2,0,3,1,2,57.4128824,14.118268,0.344348,63.3623,17.4235,0.34847,80.4783,0.804783,7.45697333,0.179117,65,1769,1834
426,3/1/12,1,1,3,0,4,1,1,67.8544754,19.919153,0.485833,74.78339,23.76855,0.475371,61.5417,0.615417,9.449890325,0.226987,325,4665,4990
427,3/2/12,1,1,3,0,5,1,2,58.0759754,14.486653,0.353333,64.38578,17.9921,0.359842,65.7083,0.657083,6.032622607,0.144904,246,2948,3194
428,3/3/12,1,1,3,0,6,0,2,62.5655246,16.980847,0.414167,69.21428,20.6746,0.413492,62.125,0.62125,6.706017894,0.161079,956,3110,4066
429,3/4/12,1,1,3,0,0,0,1,56.0464754,13.359153,0.325833,59.27189,15.15105,0.303021,40.3333,0.403333,13.92881203,0.334571,710,2713,3423
430,3/5/12,1,1,3,0,1,1,1,49.9579754,9.976653,0.243333,53.70539,12.05855,0.241171,50.625,0.50625,9.527783529,0.228858,203,3130,3333
431,3/6/12,1,1,3,0,2,1,1,51.0649754,10.591653,0.258333,54.95378,12.7521,0.255042,45.6667,0.456667,8.362799275,0.200875,221,3735,3956
432,3/7/12,1,1,3,0,3,1,1,61.8275246,16.570847,0.404167,66.659,19.255,0.3851,51.3333,0.513333,14.39542188,0.345779,432,4484,4916
433,3/8/12,1,1,3,0,4,1,1,70.9295,21.6275,0.5275,79.21436,26.2302,0.524604,56.75,0.5675,18.38308767,0.441563,486,4896,5382
434,3/9/12,1,1,3,0,5,1,2,62.3194754,16.844153,0.410833,67.73747,19.85415,0.397083,40.7083,0.407083,17.26889428,0.4148,447,4122,4569
435,3/10/12,1,1,3,0,6,0,1,53.2175,11.7875,0.2875,56.99903,13.88835,0.277767,35.0417,0.350417,9.398391718,0.22575,968,3150,4118
436,3/11/12,1,1,3,0,0,0,1,58.6963382,14.831299,0.361739,64.3703,17.9835,0.35967,47.6957,0.476957,9.266710154,0.222587,1658,3253,4911
437,3/12/12,1,1,3,0,1,1,1,66.4400246,19.133347,0.466667,73.36328,22.9796,0.459592,48.9167,0.489167,8.647477913,0.207713,838,4460,5298
438,3/13/12,1,1,3,0,2,1,1,73.697,23.165,0.565,80.86361,27.14645,0.542929,61.75,0.6175,9.864668516,0.23695,762,5085,5847
439,3/14/12,1,1,3,0,3,1,1,74.2505,23.4725,0.5725,81.37553,27.43085,0.548617,50.7083,0.507083,4.79024473,0.115062,997,5315,6312
440,3/15/12,1,1,3,0,4,1,1,73.1435,22.8575,0.5575,79.95425,26.64125,0.532825,57.9583,0.579583,6.239907623,0.149883,1005,5187,6192
441,3/16/12,1,1,3,0,5,1,2,64.1644754,17.869153,0.435833,71.26061,21.81145,0.436229,84.2083,0.842083,4.712393158,0.113192,548,3830,4378
442,3/17/12,1,1,3,0,6,0,2,69.9455246,21.080847,0.514167,77.45414,25.2523,0.505046,75.5833,0.755833,4.608813097,0.110704,3155,4681,7836
443,3/18/12,1,1,3,0,0,0,2,66.8705,19.3725,0.4725,73.76,23.2,0.464,81,0.81,5.282374912,0.126883,2207,3685,5892
444,3/19/12,1,1,3,0,1,1,1,72.221,22.345,0.545,79.95389,26.64105,0.532821,72.875,0.72875,6.757558133,0.162317,982,5171,6153
445,3/20/12,1,1,3,0,2,1,1,73.3894754,22.994153,0.560833,80.46797,26.92665,0.538533,80.7917,0.807917,5.04873693,0.121271,1051,5042,6093
446,3/21/12,2,1,3,0,3,1,2,71.2370246,21.798347,0.531667,78.19322,25.6629,0.513258,82.125,0.82125,3.728478339,0.0895583,1122,5108,6230
447,3/22/12,2,1,3,0,4,1,1,72.8975246,22.720847,0.554167,79.84103,26.57835,0.531567,83.125,0.83125,4.894324373,0.117562,1334,5537,6871
448,3/23/12,2,1,3,0,5,1,2,76.4030246,24.668347,0.601667,83.30603,28.50335,0.570067,69.4167,0.694167,4.841784969,0.1163,2469,5893,8362
449,3/24/12,2,1,3,0,6,0,2,69.0845,20.6025,0.5025,75.80597,24.33665,0.486733,88.5417,0.885417,8.025914288,0.192783,1033,2339,3372
450,3/25/12,2,1,3,0,0,0,2,64.2875,17.9375,0.4375,71.37392,21.8744,0.437488,88.0833,0.880833,9.191273229,0.220775,1532,3464,4996
451,3/26/12,2,1,3,0,1,1,1,64.9024754,18.279153,0.445833,71.4875,21.9375,0.43875,47.7917,0.477917,16.10407656,0.386821,795,4763,5558
452,3/27/12,2,1,3,0,2,1,1,55.8619754,13.256653,0.323333,60.40886,15.7827,0.315654,29,0.29,7.793150576,0.187192,531,4571,5102
453,3/28/12,2,1,3,0,3,1,1,67.7315246,19.850847,0.484167,74.3855,23.5475,0.47095,48.125,0.48125,12.14280536,0.291671,674,5024,5698
454,3/29/12,2,1,3,0,4,1,1,68.4695246,20.260847,0.494167,75.40736,24.1152,0.482304,43.9167,0.439167,13.30762309,0.31965,834,5299,6133
455,3/30/12,2,1,3,0,5,1,2,59.306,15.17,0.37,65.80589,18.78105,0.375621,58.0833,0.580833,5.7479856,0.138067,796,4663,5459
456,3/31/12,2,1,3,0,6,0,2,63.3035246,17.390847,0.424167,69.95372,21.0854,0.421708,73.8333,0.738333,10.43365111,0.250617,2301,3934,6235
457,4/1/12,2,1,4,0,0,0,2,63.4264754,17.459153,0.425833,69.55583,20.86435,0.417287,67.625,0.67625,7.17179511,0.172267,2347,3694,6041
458,4/2/12,2,1,4,0,1,1,1,64.0227794,17.790433,0.433913,70.47617,21.37565,0.427513,50.4348,0.504348,12.99492621,0.312139,1208,4728,5936
459,4/3/12,2,1,4,0,2,1,1,66.4400246,19.133347,0.466667,73.53347,23.07415,0.461483,39.6667,0.396667,4.168722737,0.100133,1348,5424,6772
460,4/4/12,2,1,4,0,3,1,1,71.9750246,22.208347,0.541667,80.0105,26.6725,0.53345,46.9583,0.469583,7.534325321,0.180975,1058,5378,6436
461,4/5/12,2,1,4,0,4,1,1,64.103,17.835,0.435,70.80467,21.55815,0.431163,37.4167,0.374167,9.139399935,0.219529,1192,5265,6457
462,4/6/12,2,1,4,0,5,1,1,61.7659754,16.536653,0.403333,67.16903,19.53835,0.390767,37.7083,0.377083,12.50571026,0.300388,1807,4653,6460
463,4/7/12,2,1,4,0,6,0,1,64.2875,17.9375,0.4375,70.35161,21.30645,0.426129,25.4167,0.254167,11.44339017,0.274871,3252,3605,6857
464,4/8/12,2,1,4,0,0,0,1,68.9,20.5,0.5,76.31825,24.62125,0.492425,27.5833,0.275833,9.683403411,0.232596,2230,2939,5169
465,4/9/12,2,1,4,0,1,1,1,68.1005246,20.055847,0.489167,74.89742,23.8319,0.476638,31.75,0.3175,14.91236465,0.358196,905,4680,5585
466,4/10/12,2,1,4,0,2,1,1,64.9640246,18.313347,0.446667,71.26097,21.81165,0.436233,43.5,0.435,10.38194434,0.249375,819,5099,5918
467,4/11/12,2,1,4,0,3,1,1,57.7337648,14.296536,0.348696,62.35466,16.8637,0.337274,46.9565,0.469565,12.29280494,0.295274,482,4380,4862
468,4/12/12,2,1,4,0,4,1,1,61.3355,16.2975,0.3975,66.88436,19.3802,0.387604,46.625,0.46625,12.0910986,0.290429,663,4746,5409
469,4/13/12,2,1,4,0,5,1,1,64.6565,18.1425,0.4425,70.86272,21.5904,0.431808,40.8333,0.408333,6.47254644,0.155471,1252,5146,6398
470,4/14/12,2,1,4,0,6,0,1,68.531,20.295,0.495,75.91964,24.3998,0.487996,50.2917,0.502917,7.948229243,0.190917,2795,4665,7460
471,4/15/12,2,1,4,0,0,0,1,76.7720246,24.873347,0.606667,83.64875,28.69375,0.573875,50.7917,0.507917,9.372538335,0.225129,2846,4286,7132
472,4/16/12,2,1,4,1,1,0,1,81.0155246,27.230847,0.664167,87.34325,30.74625,0.614925,56.1667,0.561667,11.8579602,0.284829,1198,5172,6370
473,4/17/12,2,1,4,0,2,1,1,76.8949754,24.941653,0.608333,85.86383,29.92435,0.598487,39.0417,0.390417,11.3916834,0.273629,989,5702,6691
474,4/18/12,2,1,4,0,3,1,2,66.1939754,18.996653,0.463333,73.13342,22.8519,0.457038,56.9167,0.569167,6.990488373,0.167912,347,4020,4367
475,4/19/12,2,1,4,0,4,1,1,68.7769754,20.431653,0.498333,76.37414,24.6523,0.493046,61.25,0.6125,2.744755027,0.0659292,846,5719,6565
476,4/20/12,2,1,4,0,5,1,1,70.8680246,21.593347,0.526667,78.41975,25.78875,0.515775,69.4583,0.694583,6.23940804,0.149871,1340,5950,7290
477,4/21/12,2,1,4,0,6,0,1,74.066,23.37,0.57,80.86289,27.14605,0.542921,68.2917,0.682917,11.80625343,0.283587,2541,4083,6624
478,4/22/12,2,1,4,0,0,0,3,61.2740246,16.263347,0.396667,67.05536,19.4752,0.389504,83.5417,0.835417,14.3440898,0.344546,120,907,1027
479,4/23/12,2,1,4,0,1,1,2,55.7390246,13.188347,0.321667,59.10125,15.05625,0.301125,76.6667,0.766667,12.63510207,0.303496,195,3019,3214
480,4/24/12,2,1,4,0,2,1,1,62.5039754,16.946653,0.413333,68.47547,20.26415,0.405283,45.4167,0.454167,10.38227739,0.249383,518,5115,5633
481,4/25/12,2,1,4,0,3,1,1,67.1780246,19.543347,0.476667,74.32853,23.51585,0.470317,42.7917,0.427917,4.945531557,0.118792,655,5541,6196
482,4/26/12,2,1,4,0,4,1,2,68.7769754,20.431653,0.498333,75.52247,24.17915,0.483583,75.6667,0.756667,7.353226743,0.176625,475,4551,5026
483,4/27/12,2,1,4,0,5,1,1,65.7635,18.7575,0.4575,72.73733,22.63185,0.452637,40.0833,0.400833,14.47260734,0.347633,1014,5219,6233
484,4/28/12,2,1,4,0,6,0,2,59.7980246,15.443347,0.376667,65.97536,18.8752,0.377504,48.9583,0.489583,5.411100614,0.129975,1120,3100,4220
485,4/29/12,2,1,4,0,0,0,1,65.8249754,18.791653,0.458333,72.51089,22.50605,0.450121,58.7083,0.587083,4.867097138,0.116908,2229,4075,6304
486,4/30/12,2,1,4,0,1,1,2,66.2555246,19.030847,0.464167,73.19264,22.8848,0.457696,57,0.57,7.145608672,0.171638,665,4907,5572
487,5/1/12,2,1,5,0,2,1,2,77.2639754,25.146653,0.613333,83.93189,28.85105,0.577021,65.9583,0.659583,6.49856635,0.156096,653,5087,5740
488,5/2/12,2,1,5,0,3,1,1,73.6355246,23.130847,0.564167,80.41064,26.8948,0.537896,79.7083,0.797083,5.747610914,0.138058,667,5502,6169
489,5/3/12,2,1,5,0,4,1,2,73.328,22.96,0.56,80.35178,26.8621,0.537242,76.8333,0.768333,5.566012753,0.133696,764,5657,6421
490,5/4/12,2,1,5,0,5,1,1,78.3095,25.7275,0.6275,85.18253,29.54585,0.590917,73.5417,0.735417,6.783411516,0.162938,1069,5227,6296
491,5/5/12,2,1,5,0,6,0,2,77.8790246,25.488347,0.621667,84.61472,29.2304,0.584608,75.6667,0.756667,6.369341066,0.152992,2496,4387,6883
492,5/6/12,2,1,5,0,0,0,2,73.5125,23.0625,0.5625,81.20633,27.33685,0.546737,74,0.74,6.239741095,0.149879,2135,4224,6359
493,5/7/12,2,1,5,0,1,1,2,71.6675,22.0375,0.5375,79.44278,26.3571,0.527142,66.4167,0.664167,9.605343679,0.230721,1008,5265,6273
494,5/8/12,2,1,5,0,2,1,2,74.9270246,23.848347,0.581667,82.17239,27.87355,0.557471,68.5833,0.685833,12.324237,0.296029,738,4990,5728
495,5/9/12,2,1,5,0,3,1,2,74.435,23.575,0.575,81.77225,27.65125,0.553025,74.4167,0.744167,9.009633437,0.216412,620,4097,4717
496,5/10/12,2,1,5,0,4,1,1,69.3304754,20.739153,0.505833,76.26047,24.58915,0.491783,55.2083,0.552083,13.0750259,0.314063,1026,5546,6572
497,5/11/12,2,1,5,0,5,1,1,71.3599754,21.866653,0.533333,78.87497,26.04165,0.520833,36.0417,0.360417,9.864127302,0.236937,1319,5711,7030
498,5/12/12,2,1,5,0,6,0,1,73.6355246,23.130847,0.564167,81.03353,27.24085,0.544817,48.0417,0.480417,5.126255448,0.123133,2622,4807,7429
499,5/13/12,2,1,5,0,0,0,1,77.2025,25.1125,0.6125,84.67142,29.2619,0.585238,57.625,0.57625,9.372038752,0.225117,2172,3946,6118
500,5/14/12,2,1,5,0,1,1,2,74.3119754,23.506653,0.573333,81.491,27.495,0.5499,78.9583,0.789583,8.854762929,0.212692,342,2501,2843
501,5/15/12,2,1,5,0,2,1,2,77.1410246,25.078347,0.611667,83.87636,28.8202,0.576404,79.4583,0.794583,6.136202667,0.147392,625,4490,5115
502,5/16/12,2,1,5,0,3,1,1,78.9860246,26.103347,0.636667,85.63775,29.79875,0.595975,69.7917,0.697917,5.100402065,0.122512,991,6433,7424
503,5/17/12,2,1,5,0,4,1,1,75.7879754,24.326653,0.593333,83.53517,28.63065,0.572613,52,0.52,9.553470385,0.229475,1242,6142,7384
504,5/18/12,2,1,5,0,5,1,1,73.6355246,23.130847,0.564167,81.60089,27.55605,0.551121,52.3333,0.523333,5.695945779,0.136817,1521,6118,7639
505,5/19/12,2,1,5,0,6,0,1,76.28,24.6,0.6,83.02172,28.3454,0.566908,45.625,0.45625,3.496035192,0.083975,3410,4884,8294
506,5/20/12,2,1,5,0,0,0,1,77.8174754,25.454153,0.620833,84.55703,29.19835,0.583967,53.0417,0.530417,10.58977057,0.254367,2704,4425,7129
507,5/21/12,2,1,5,0,1,1,2,76.1569754,24.531653,0.598333,82.91003,28.28335,0.565667,81.125,0.81125,9.70871558,0.233204,630,3729,4359
508,5/22/12,2,1,5,0,2,1,2,77.387,25.215,0.615,84.27425,29.04125,0.580825,76.5833,0.765833,4.919511646,0.118167,819,5254,6073
509,5/23/12,2,1,5,0,3,1,2,77.8790246,25.488347,0.621667,84.61508,29.2306,0.584612,77.4583,0.774583,4.246449414,0.102,766,4494,5260
510,5/24/12,2,1,5,0,4,1,1,80.339,26.855,0.655,86.603,30.335,0.6067,71.6667,0.716667,7.197981548,0.172896,1059,5711,6770
511,5/25/12,2,1,5,0,5,1,1,82.184,27.88,0.68,88.47761,31.37645,0.627529,74.7083,0.747083,5.851357501,0.14055,1417,5317,6734
512,5/26/12,2,1,5,0,6,0,1,83.1065,28.3925,0.6925,89.84264,32.1348,0.642696,73.25,0.7325,8.284406488,0.198992,2855,3681,6536
513,5/27/12,2,1,5,0,0,0,1,82.922,28.29,0.69,89.72825,32.07125,0.641425,69.7083,0.697083,8.957968303,0.215171,3283,3308,6591
514,5/28/12,2,1,5,1,1,0,1,84.5825,29.2125,0.7125,93.137,33.965,0.6793,67.625,0.67625,8.181534169,0.196521,2557,3486,6043
515,5/29/12,2,1,5,0,2,1,1,85.3205,29.6225,0.7225,92.56928,33.6496,0.672992,68.4583,0.684583,12.29805056,0.2954,880,4863,5743
516,5/30/12,2,1,5,0,3,1,2,80.4620246,26.923347,0.656667,87.00161,30.55645,0.611129,67,0.67,5.592365719,0.134329,745,6110,6855
517,5/31/12,2,1,5,0,4,1,1,82.184,27.88,0.68,88.81961,31.56645,0.631329,49.2917,0.492917,8.129827403,0.195279,1100,6238,7338
518,6/1/12,2,1,6,0,5,1,2,80.2775246,26.820847,0.654167,86.71658,30.3981,0.607962,75.5417,0.755417,9.890188844,0.237563,533,3594,4127
519,6/2/12,2,1,6,0,6,0,1,75.0499754,23.916653,0.583333,82.96592,28.3144,0.566288,54.9167,0.549167,7.766922506,0.186562,2795,5325,8120
520,6/3/12,2,1,6,0,0,0,1,76.4645,24.7025,0.6025,83.76197,28.75665,0.575133,49.3333,0.493333,7.66388366,0.184087,2494,5147,7641
521,6/4/12,2,1,6,0,1,1,1,76.0955,24.4975,0.5975,84.04547,28.91415,0.578283,48.7083,0.487083,11.85812672,0.284833,1071,5927,6998
522,6/5/12,2,1,6,0,2,1,2,71.9134754,22.174153,0.540833,79.33028,26.2946,0.525892,61.3333,0.613333,8.724996431,0.209575,968,6033,7001
523,6/6/12,2,1,6,0,3,1,1,72.8975246,22.720847,0.554167,80.80628,27.1146,0.542292,61.125,0.61125,3.210856971,0.077125,1027,6028,7055
524,6/7/12,2,1,6,0,4,1,1,76.4645,24.7025,0.6025,83.24978,28.4721,0.569442,56.7083,0.567083,6.550772699,0.15735,1038,6456,7494
525,6/8/12,2,1,6,0,5,1,1,79.9085246,26.615847,0.649167,85.80758,29.8931,0.597862,46.7917,0.467917,7.301519976,0.175383,1488,6248,7736
526,6/9/12,2,1,6,0,6,0,1,84.4594754,29.144153,0.710833,90.35303,32.41835,0.648367,43.7083,0.437083,6.006935751,0.144287,2708,4790,7498
527,6/10/12,2,1,6,0,0,0,1,85.6280246,29.793347,0.726667,91.71653,33.17585,0.663517,53.8333,0.538333,5.56705355,0.133721,2224,4374,6598
528,6/11/12,2,1,6,0,1,1,2,85.1974754,29.554153,0.720833,91.37489,32.98605,0.659721,58.7917,0.587917,8.647477913,0.207713,1017,5647,6664
529,6/12/12,2,1,6,0,2,1,2,80.2159754,26.786653,0.653333,85.80875,29.89375,0.597875,83.3333,0.833333,8.931948392,0.214546,477,4495,4972
530,6/13/12,2,1,6,0,3,1,1,80.4004754,26.889153,0.655833,87.00053,30.55585,0.611117,58.2083,0.582083,14.29134224,0.343279,1173,6248,7421
531,6/14/12,2,1,6,0,4,1,1,79.8469754,26.581653,0.648333,88.19447,31.21915,0.624383,56.9583,0.569583,10.56337597,0.253733,1180,6183,7363
532,6/15/12,2,1,6,0,5,1,1,79.1705246,26.205847,0.639167,85.97786,29.9877,0.599754,58.9583,0.589583,7.352893688,0.176617,1563,6102,7665
533,6/16/12,2,1,6,0,6,0,1,78.6170246,25.898347,0.631667,85.52372,29.7354,0.594708,50.4167,0.504167,6.938656711,0.166667,2963,4739,7702
534,6/17/12,2,1,6,0,0,0,1,75.7265,24.2925,0.5925,83.47775,28.59875,0.571975,59.875,0.59875,6.032622607,0.144904,2634,4344,6978
535,6/18/12,2,1,6,0,1,1,2,73.9429754,23.301653,0.568333,81.03578,27.2421,0.544842,77.7917,0.777917,7.275000483,0.174746,653,4446,5099
536,6/19/12,2,1,6,0,2,1,1,82.7989754,28.221653,0.688333,90.92228,32.7346,0.654692,69,0.69,6.162222578,0.148017,968,5857,6825
537,6/20/12,2,1,6,0,3,1,1,89.7485,32.0825,0.7825,96.88775,36.04875,0.720975,59.2083,0.592083,4.738204909,0.113812,872,5339,6211
538,6/21/12,3,1,6,0,4,1,1,91.4704754,33.039153,0.805833,99.72878,37.6271,0.752542,56.7917,0.567917,4.945323397,0.118787,778,5127,5905
539,6/22/12,3,1,6,0,5,1,1,89.3795,31.8775,0.7775,97.17089,36.20605,0.724121,57.375,0.57375,7.612051998,0.182842,964,4859,5823
540,6/23/12,3,1,6,0,6,0,1,85.9970246,29.998347,0.731667,90.75128,32.6396,0.652792,53.4583,0.534583,7.482118972,0.179721,2657,4801,7458
541,6/24/12,3,1,6,0,0,0,1,86.8579754,30.476653,0.743333,92.68286,33.7127,0.674254,47.9167,0.479167,6.05847599,0.145525,2551,4340,6891
542,6/25/12,3,1,6,0,1,1,1,84.8284754,29.349153,0.715833,90.86378,32.7021,0.654042,50.4167,0.504167,12.5055021,0.300383,1139,5640,6779
543,6/26/12,3,1,6,0,2,1,1,78.5554754,25.864153,0.630833,85.52336,29.7352,0.594704,37.3333,0.373333,14.47298203,0.347642,1077,6365,7442
544,6/27/12,3,1,6,0,3,1,1,83.4755,28.5975,0.6975,89.67128,32.0396,0.640792,36,0.36,11.31449794,0.271775,1077,6258,7335
545,6/28/12,3,1,6,0,4,1,1,87.2885246,30.715847,0.749167,92.79608,33.7756,0.675512,42.25,0.4225,7.146108254,0.17165,921,5958,6879
546,6/29/12,3,1,6,0,5,1,1,93.5615246,34.200847,0.834167,102.79517,39.33065,0.786613,48.875,0.48875,6.886616889,0.165417,829,4634,5463
547,6/30/12,3,1,6,0,6,0,1,88.457,31.365,0.765,93.87572,34.3754,0.687508,60.125,0.60125,6.705684839,0.161071,1455,4232,5687
548,7/1/12,3,1,7,0,0,0,1,92.2084754,33.449153,0.815833,99.55661,37.53145,0.750629,51.875,0.51875,7.016175228,0.168529,1421,4110,5531
549,7/2/12,3,1,7,0,1,1,1,89.6870246,32.048347,0.781667,95.18342,35.1019,0.702038,44.7083,0.447083,8.129327821,0.195267,904,5323,6227
550,7/3/12,3,1,7,0,2,1,1,89.6254754,32.014153,0.780833,95.2385,35.1325,0.70265,49.2083,0.492083,5.255480732,0.126237,1052,5608,6660
551,7/4/12,3,1,7,1,3,0,1,90.2405246,32.355847,0.789167,97.91033,36.61685,0.732337,53.875,0.53875,5.618219102,0.13495,2562,4841,7403
552,7/5/12,3,1,7,0,4,1,1,93.0695,33.9275,0.8275,100.52303,38.06835,0.761367,45.7917,0.457917,8.077787582,0.194029,1405,4836,6241
553,7/6/12,3,1,7,0,5,1,1,93.1309754,33.961653,0.828333,99.72797,37.62665,0.752533,45.0833,0.450833,6.084162846,0.146142,1366,4841,6207
554,7/7/12,3,1,7,0,6,0,1,95.5910246,35.328347,0.861667,104.44217,40.24565,0.804913,49.2083,0.492083,6.80905674,0.163554,1448,3392,4840
555,7/8/12,3,1,7,0,0,0,1,92.7005,33.7225,0.8225,103.13564,39.5198,0.790396,57.375,0.57375,5.230168563,0.125629,1203,3469,4672
556,7/9/12,3,1,7,0,1,1,2,84.4594754,29.144153,0.710833,90.86486,32.7027,0.654054,68.3333,0.683333,7.534325321,0.180975,998,5571,6569
557,7/10/12,3,1,7,0,2,1,2,85.1974754,29.554153,0.720833,91.83164,33.2398,0.664796,66.75,0.6675,6.317093086,0.151737,954,5336,6290
558,7/11/12,3,1,7,0,3,1,1,84.8900246,29.383347,0.716667,90.52439,32.51355,0.650271,63.3333,0.633333,6.316926558,0.151733,975,6289,7264
559,7/12/12,3,1,7,0,4,1,1,84.8284754,29.349153,0.715833,90.92147,32.73415,0.654683,52.9583,0.529583,6.110515811,0.146775,1032,6414,7446
560,7/13/12,3,1,7,0,5,1,2,85.9970246,29.998347,0.731667,92.11397,33.39665,0.667933,48.5833,0.485833,3.365935638,0.08085,1511,5988,7499
561,7/14/12,3,1,7,0,6,0,2,83.9059754,28.836653,0.703333,91.94378,33.3021,0.666042,69.9167,0.699167,5.981623582,0.143679,2355,4614,6969
562,7/15/12,3,1,7,0,0,0,1,87.0424754,30.579153,0.745833,95.46764,35.2598,0.705196,71.7917,0.717917,6.938656711,0.166667,1920,4111,6031
563,7/16/12,3,1,7,0,1,1,1,88.3339754,31.296653,0.763333,97.17125,36.20625,0.724125,64.5,0.645,6.835409705,0.164187,1088,5742,6830
564,7/17/12,3,1,7,0,2,1,1,92.3929754,33.551653,0.818333,100.01147,37.78415,0.755683,50.5833,0.505833,4.763891765,0.114429,921,5865,6786
565,7/18/12,3,1,7,0,3,1,1,90.5479754,32.526653,0.793333,99.10247,37.27915,0.745583,57.7083,0.577083,5.72196569,0.137442,799,4914,5713
566,7/19/12,3,1,7,0,4,1,1,88.826,31.57,0.77,96.31778,35.7321,0.714642,60.0417,0.600417,6.887116472,0.165429,888,5703,6591
567,7/20/12,3,1,7,0,5,1,2,81.1384754,27.299153,0.665833,87.17225,30.65125,0.613025,84.4167,0.844167,8.699684262,0.208967,747,5123,5870
568,7/21/12,3,1,7,0,6,0,3,75.9724754,24.429153,0.595833,81.49208,27.4956,0.549912,86.5417,0.865417,8.880075098,0.2133,1264,3195,4459
569,7/22/12,3,1,7,0,0,0,2,81.2615,27.3675,0.6675,88.08125,31.15625,0.623125,76.25,0.7625,3.910097315,0.0939208,2544,4866,7410
570,7/23/12,3,1,7,0,1,1,1,86.7350246,30.408347,0.741667,94.10153,34.50085,0.690017,69.4167,0.694167,5.773630824,0.138683,1135,5831,6966
571,7/24/12,3,1,7,0,2,1,1,87.4114754,30.784153,0.750833,95.5805,35.3225,0.70645,65.5,0.655,8.80322269,0.211454,1140,6452,7592
572,7/25/12,3,1,7,0,3,1,1,85.4435246,29.690847,0.724167,90.86486,32.7027,0.654054,45,0.45,6.860930034,0.1648,1383,6790,8173
573,7/26/12,3,1,7,0,4,1,1,89.3180246,31.843347,0.776667,98.53367,36.96315,0.739263,59.6667,0.596667,11.85729409,0.284813,1036,5825,6861
574,7/27/12,3,1,7,0,5,1,1,89.6870246,32.048347,0.781667,98.07953,36.71085,0.734217,59.4583,0.594583,6.369341066,0.152992,1259,5645,6904
575,7/28/12,3,1,7,0,6,0,1,87.7804754,30.989153,0.755833,94.78436,34.8802,0.697604,61.3333,0.613333,6.550772699,0.15735,2234,4451,6685
576,7/29/12,3,1,7,0,0,0,1,85.2590246,29.588347,0.721667,92.11397,33.39665,0.667933,62.375,0.62375,7.093901905,0.170396,2153,4444,6597
577,7/30/12,3,1,7,0,1,1,1,85.9354754,29.964153,0.730833,93.64883,34.24935,0.684987,66.875,0.66875,6.395360977,0.153617,1040,6065,7105
578,7/31/12,3,1,7,0,2,1,1,84.6439754,29.246653,0.713333,91.66064,33.1448,0.662896,70.4167,0.704167,6.886949944,0.165425,968,6248,7216
579,8/1/12,3,1,8,0,3,1,1,84.9515,29.4175,0.7175,92.05772,33.3654,0.667308,67.75,0.6775,5.877543939,0.141179,1074,6506,7580
580,8/2/12,3,1,8,0,4,1,1,87.5345,30.8525,0.7525,95.63792,35.3544,0.707088,65.9583,0.659583,5.38524723,0.129354,983,6278,7261
581,8/3/12,3,1,8,0,5,1,2,88.5184754,31.399153,0.765833,97.05803,36.14335,0.722867,64.25,0.6425,8.983821686,0.215792,1328,5847,7175
582,8/4/12,3,1,8,0,6,0,1,90.5479754,32.526653,0.793333,99.61403,37.56335,0.751267,61.3333,0.613333,10.71845464,0.257458,2345,4479,6824
583,8/5/12,3,1,8,0,0,0,1,88.7645246,31.535847,0.769167,97.79711,36.55395,0.731079,65.25,0.6525,12.09076554,0.290421,1707,3757,5464
584,8/6/12,3,1,8,0,1,1,2,87.5345,30.8525,0.7525,95.92214,35.5123,0.710246,65.4167,0.654167,5.38524723,0.129354,1233,5780,7013
585,8/7/12,3,1,8,0,2,1,2,86.3044754,30.169153,0.735833,94.78589,34.88105,0.697621,70.375,0.70375,4.867097138,0.116908,1278,5995,7273
586,8/8/12,3,1,8,0,3,1,2,87.35,30.75,0.75,95.69453,35.38585,0.707717,67.2917,0.672917,4.60864657,0.1107,1263,6271,7534
587,8/9/12,3,1,8,0,4,1,1,87.7804754,30.989153,0.755833,94.95572,34.9754,0.699508,62.0417,0.620417,6.498732878,0.1561,1196,6090,7286
588,8/10/12,3,1,8,0,5,1,2,84.8284754,29.349153,0.715833,92.11478,33.3971,0.667942,71.5833,0.715833,9.942228666,0.238813,1065,4721,5786
589,8/11/12,3,1,8,0,6,0,2,83.1065,28.3925,0.6925,89.44403,31.91335,0.638267,73.2917,0.732917,8.596104202,0.206479,2247,4052,6299
590,8/12/12,3,1,8,0,0,0,1,83.7214754,28.734153,0.700833,90.01211,32.22895,0.644579,53.0417,0.530417,5.100402065,0.122512,2182,4362,6544
591,8/13/12,3,1,8,0,1,1,1,85.1974754,29.554153,0.720833,91.60286,33.1127,0.662254,54.5417,0.545417,5.670758506,0.136212,1207,5676,6883
592,8/14/12,3,1,8,0,2,1,1,85.6280246,29.793347,0.726667,92.91011,33.83895,0.676779,68.6667,0.686667,7.042361666,0.169158,1128,5656,6784
593,8/15/12,3,1,8,0,3,1,1,84.1520246,28.973347,0.706667,90.86333,32.70185,0.654037,61.9583,0.619583,7.067881995,0.169771,1198,6149,7347
594,8/16/12,3,1,8,0,4,1,1,85.0745246,29.485847,0.719167,90.92192,32.7344,0.654688,51.9167,0.519167,5.903230795,0.141796,1338,6267,7605
595,8/17/12,3,1,8,0,5,1,1,85.3819754,29.656653,0.723333,53.816,12.12,0.2424,57.0833,0.570833,9.631696644,0.231354,1483,5665,7148
596,8/18/12,3,1,8,0,6,0,1,82.0609754,27.811653,0.678333,87.62639,30.90355,0.618071,60.3333,0.603333,7.404933509,0.177867,2827,5038,7865
597,8/19/12,3,1,8,0,0,0,2,78.9244754,26.069153,0.635833,86.31986,30.1777,0.603554,71.1667,0.711667,3.599074038,0.08645,1208,3341,4549
598,8/20/12,3,1,8,0,1,1,2,78.9244754,26.069153,0.635833,85.63703,29.79835,0.595967,73.4167,0.734167,5.411267141,0.129979,1026,5504,6530
599,8/21/12,3,1,8,0,2,1,1,79.9085246,26.615847,0.649167,86.09225,30.05125,0.601025,67.375,0.67375,3.029583539,0.0727708,1081,5925,7006
600,8/22/12,3,1,8,0,3,1,1,81.2615,27.3675,0.6675,87.96686,31.0927,0.621854,67.7083,0.677083,2.926024295,0.0702833,1094,6281,7375
601,8/23/12,3,1,8,0,4,1,1,83.3524754,28.529153,0.695833,89.33072,31.8504,0.637008,63.5833,0.635833,3.521880248,0.0845958,1363,6402,7765
602,8/24/12,3,1,8,0,5,1,2,83.8445,28.8025,0.7025,90.239,32.355,0.6471,61.5,0.615,3.003563629,0.0721458,1325,6257,7582
603,8/25/12,3,1,8,0,6,0,2,80.8310246,27.128347,0.661667,87.68264,30.9348,0.618696,71.2917,0.712917,10.17515891,0.244408,1829,4224,6053
604,8/26/12,3,1,8,0,0,0,2,80.2159754,26.786653,0.653333,85.63964,29.7998,0.595996,84.5833,0.845833,9.527783529,0.228858,1483,3772,5255
605,8/27/12,3,1,8,0,1,1,1,83.9059754,28.836653,0.703333,90.92192,32.7344,0.654688,73.0417,0.730417,5.359393847,0.128733,989,5928,6917
606,8/28/12,3,1,8,0,2,1,1,85.7509754,29.861653,0.728333,91.9445,33.3025,0.66605,62,0.62,7.948562298,0.190925,935,6105,7040
607,8/29/12,3,1,8,0,3,1,1,82.553,28.085,0.685,89.21597,31.78665,0.635733,55.2083,0.552083,4.686165088,0.112562,1177,6520,7697
608,8/30/12,3,1,8,0,4,1,1,84.1520246,28.973347,0.706667,90.75011,32.63895,0.652779,59.0417,0.590417,3.210511427,0.0771167,1172,6541,7713
609,8/31/12,3,1,8,0,5,1,1,88.3955246,31.330847,0.764167,94.046,34.47,0.6894,58.75,0.5875,7.016341756,0.168533,1433,5917,7350
610,9/1/12,3,1,9,0,6,0,2,87.5959754,30.886653,0.753333,95.23886,35.1327,0.702654,63.8333,0.638333,4.712184998,0.113187,2352,3788,6140
611,9/2/12,3,1,9,0,0,0,2,83.4140246,28.563347,0.696667,90.41,32.45,0.649,81.5,0.815,2.667386383,0.0640708,2613,3197,5810
612,9/3/12,3,1,9,1,1,0,1,84.2135,29.0075,0.7075,91.54661,33.08145,0.661629,79.0833,0.790833,6.291447862,0.151121,1965,4069,6034
613,9/4/12,3,1,9,0,2,1,1,85.5664754,29.759153,0.725833,93.81992,34.3444,0.686888,75.5,0.755,9.838482078,0.236321,867,5997,6864
614,9/5/12,3,1,9,0,3,1,1,86.3660246,30.203347,0.736667,95.80847,35.44915,0.708983,74.125,0.74125,7.818795799,0.187808,832,6280,7112
615,9/6/12,3,1,9,0,4,1,2,83.4140246,28.563347,0.696667,90.97961,32.76645,0.655329,81.0417,0.810417,5.929250706,0.142421,611,5592,6203
616,9/7/12,3,1,9,0,5,1,1,83.9059754,28.836653,0.703333,91.14836,32.8602,0.657204,73.625,0.73625,7.145941727,0.171646,1045,6459,7504
617,9/8/12,3,1,9,0,6,0,2,80.6465246,27.025847,0.659167,87.00089,30.55605,0.611121,79.9167,0.799167,11.70288153,0.281104,1557,4419,5976
618,9/9/12,3,1,9,0,0,0,1,77.018,25.01,0.61,84.10325,28.94625,0.578925,54.75,0.5475,9.346185369,0.224496,2570,5657,8227
619,9/10/12,3,1,9,0,1,1,1,75.0499754,23.916653,0.583333,82.90886,28.2827,0.565654,50.375,0.50375,10.77070262,0.258713,1118,6407,7525
620,9/11/12,3,1,9,0,2,1,1,74.6195,23.6775,0.5775,81.88628,27.7146,0.554292,52,0.52,3.832387291,0.0920542,1070,6697,7767
621,9/12/12,3,1,9,0,3,1,1,76.2185246,24.565847,0.599167,83.30675,28.50375,0.570075,57.7083,0.577083,5.488993818,0.131846,1050,6820,7870
622,9/13/12,3,1,9,0,4,1,1,77.2025,25.1125,0.6125,84.16022,28.9779,0.579558,63.7083,0.637083,3.443820517,0.0827208,1054,6750,7804
623,9/14/12,3,1,9,0,5,1,1,78.7399754,25.966653,0.633333,85.46747,29.70415,0.594083,67.25,0.6725,4.324009564,0.103863,1379,6630,8009
624,9/15/12,3,1,9,0,6,0,1,76.8949754,24.941653,0.608333,84.72803,29.29335,0.585867,50.1667,0.501667,10.30475888,0.247521,3160,5554,8714
625,9/16/12,3,1,9,0,0,0,1,74.804,23.78,0.58,82.68125,28.15625,0.563125,57,0.57,3.754498249,0.0901833,2166,5167,7333
626,9/17/12,3,1,9,0,1,1,2,74.8654754,23.814153,0.580833,81.7745,27.6525,0.55305,73.4583,0.734583,6.317301245,0.151742,1022,5847,6869
627,9/18/12,3,1,9,0,2,1,2,78.0019754,25.556653,0.623333,82.85603,28.25335,0.565067,87.25,0.8725,14.88701085,0.357587,371,3702,4073
628,9/19/12,3,1,9,0,3,1,1,72.7745,22.6525,0.5525,80.63636,27.0202,0.540404,53.6667,0.536667,8.95813483,0.215175,788,6803,7591
629,9/20/12,3,1,9,0,4,1,1,72.3440246,22.413347,0.546667,79.89728,26.6096,0.532192,61.8333,0.618333,4.919511646,0.118167,939,6781,7720
630,9/21/12,3,1,9,0,5,1,1,76.2185246,24.565847,0.599167,83.47739,28.59855,0.571971,66.875,0.66875,6.420839673,0.154229,1250,6917,8167
631,9/22/12,3,1,9,0,6,0,1,79.97,26.65,0.65,86.94392,30.5244,0.610488,64.6667,0.646667,11.8060869,0.283583,2512,5883,8395
632,9/23/12,4,1,9,0,0,0,1,71.0525246,21.695847,0.529167,78.70397,25.94665,0.518933,46.7083,0.467083,9.29464513,0.223258,2454,5453,7907
633,9/24/12,4,1,9,0,1,1,1,69.9455246,21.080847,0.514167,77.22617,25.12565,0.502513,49.2917,0.492917,5.928542964,0.142404,1001,6435,7436
634,9/25/12,4,1,9,0,2,1,1,72.59,22.55,0.55,80.97611,27.20895,0.544179,57,0.57,9.838482078,0.236321,845,6693,7538
635,9/26/12,4,1,9,0,3,1,1,78.863,26.035,0.635,85.69517,29.83065,0.596613,63.0833,0.630833,10.17482585,0.2444,787,6946,7733
636,9/27/12,4,1,9,0,4,1,2,79.97,26.65,0.65,86.71775,30.39875,0.607975,69.0833,0.690833,5.592906933,0.134342,751,6642,7393
637,9/28/12,4,1,9,0,5,1,2,77.6945246,25.385847,0.619167,84.72767,29.29315,0.585863,69,0.69,6.83507665,0.164179,1045,6370,7415
638,9/29/12,4,1,9,0,6,0,1,72.0365,22.2425,0.5425,79.72664,26.5148,0.530296,54.2917,0.542917,9.475577181,0.227604,2589,5966,8555
639,9/30/12,4,1,9,0,0,0,1,70.8680246,21.593347,0.526667,78.58967,25.88315,0.517663,58.3333,0.583333,5.618552157,0.134958,2015,4874,6889
640,10/1/12,4,1,10,0,1,1,2,70.4374754,21.354153,0.520833,78.08,25.6,0.512,64.9167,0.649167,3.780347469,0.0908042,763,6015,6778
641,10/2/12,4,1,10,0,2,1,3,75.6034754,24.224153,0.590833,80.80997,27.11665,0.542333,87.1667,0.871667,4.34948826,0.104475,315,4324,4639
642,10/3/12,4,1,10,0,3,1,2,80.5235,26.9575,0.6575,85.92197,29.95665,0.599133,79.375,0.79375,2.77042523,0.0665458,728,6844,7572
643,10/4/12,4,1,10,0,4,1,2,80.5235,26.9575,0.6575,86.71775,30.39875,0.607975,72.2917,0.722917,4.893658263,0.117546,891,6437,7328
644,10/5/12,4,1,10,0,5,1,1,77.387,25.215,0.615,84.21683,29.00935,0.580187,62.75,0.6275,4.427547992,0.10635,1516,6640,8156
645,10/6/12,4,1,10,0,6,0,1,72.8975246,22.720847,0.554167,80.46689,26.92605,0.538521,66.4167,0.664167,11.15837847,0.268025,3031,4934,7965
646,10/7/12,4,1,10,0,0,0,2,62.6884754,17.049153,0.415833,69.78317,20.99065,0.419813,70.8333,0.708333,5.876836198,0.141162,781,2729,3510
647,10/8/12,4,1,10,1,1,0,2,60.2899754,15.716653,0.383333,66.88472,19.3804,0.387608,70.9583,0.709583,7.896689004,0.189679,874,4604,5478
648,10/9/12,4,1,10,0,2,1,2,64.9640246,18.313347,0.446667,71.43008,21.9056,0.438112,76.1667,0.761667,7.922542387,0.1903,601,5791,6392
649,10/10/12,4,1,10,0,3,1,1,69.9455246,21.080847,0.514167,77.28278,25.1571,0.503142,63.0833,0.630833,7.819337014,0.187821,780,6911,7691
650,10/11/12,4,1,10,0,4,1,1,64.103,17.835,0.435,70.80503,21.55835,0.431167,46.3333,0.463333,7.560178704,0.181596,834,6736,7570
651,10/12/12,4,1,10,0,5,1,1,64.2875,17.9375,0.4375,70.97639,21.65355,0.433071,53.9167,0.539167,9.787316526,0.235092,1060,6222,7282
652,10/13/12,4,1,10,0,6,0,1,61.0279754,16.126653,0.393333,67.22564,19.5698,0.391396,49.4583,0.494583,6.084162846,0.146142,2252,4857,7109
653,10/14/12,4,1,10,0,0,0,1,70.4990246,21.388347,0.521667,77.73836,25.4102,0.508204,64.0417,0.640417,11.59913494,0.278612,2080,4559,6639
654,10/15/12,4,1,10,0,1,1,2,73.4510246,23.028347,0.561667,80.5235,26.9575,0.53915,70.75,0.7075,12.32457005,0.296037,760,5115,5875
655,10/16/12,4,1,10,0,2,1,1,66.5629754,19.201653,0.468333,73.47614,23.0423,0.460846,55.8333,0.558333,7.586198614,0.182221,922,6612,7534
656,10/17/12,4,1,10,0,3,1,1,65.6404754,18.689153,0.455833,72.50972,22.5054,0.450108,69.2917,0.692917,4.220262976,0.101371,979,6482,7461
657,10/18/12,4,1,10,0,4,1,2,70.5605,21.4225,0.5225,78.13625,25.63125,0.512625,72.8333,0.728333,9.864127302,0.236937,1008,6501,7509
658,10/19/12,4,1,10,0,5,1,2,73.5739754,23.096653,0.563333,80.41064,26.8948,0.537896,81.5,0.815,5.61838563,0.134954,753,4671,5424
659,10/20/12,4,1,10,0,6,0,1,67.7315246,19.850847,0.484167,74.55578,23.6421,0.472842,57.2917,0.572917,4.893283576,0.117537,2806,5284,8090
660,10/21/12,4,1,10,0,0,0,1,66.2555246,19.030847,0.464167,73.07861,22.82145,0.456429,51,0.51,6.913136382,0.166054,2132,4692,6824
661,10/22/12,4,1,10,0,1,1,1,67.9775,19.9875,0.4875,75.46478,24.1471,0.482942,56.8333,0.568333,3.392301093,0.0814833,830,6228,7058
662,10/23/12,4,1,10,0,2,1,1,72.1595246,22.310847,0.544167,79.72736,26.5152,0.530304,64.1667,0.641667,3.936117226,0.0945458,841,6625,7466
663,10/24/12,4,1,10,0,3,1,1,75.3575,24.0875,0.5875,82.28489,27.93605,0.558721,63.625,0.63625,3.029933247,0.0727792,795,6898,7693
664,10/25/12,4,1,10,0,4,1,2,72.59,22.55,0.55,79.67192,26.4844,0.529688,80.0417,0.800417,5.177962214,0.124375,875,6484,7359
665,10/26/12,4,1,10,0,5,1,2,72.2824754,22.379153,0.545833,79.0475,26.1375,0.52275,80.7083,0.807083,5.514847201,0.132467,1182,6262,7444
666,10/27/12,4,1,10,0,6,0,2,71.114,21.73,0.53,78.36197,25.75665,0.515133,72,0.72,9.81229564,0.235692,2643,5209,7852
667,10/28/12,4,1,10,0,0,0,2,67.2395,19.5775,0.4775,74.09939,23.38855,0.467771,69.4583,0.694583,16.56981214,0.398008,998,3461,4459
668,10/29/12,4,1,10,0,1,1,3,64.472,18.04,0.44,71.546,21.97,0.4394,88,0.88,14.91253118,0.3582,2,20,22
669,10/30/12,4,1,10,0,2,1,2,55.4818316,13.045462,0.318182,59.89181,15.49545,0.309909,82.5455,0.825455,8.867960228,0.213009,87,1009,1096
670,10/31/12,4,1,10,0,3,1,2,58.3835,14.6575,0.3575,64.499,18.055,0.3611,66.6667,0.666667,6.938656711,0.166667,419,5147,5566
671,11/1/12,4,1,11,0,4,1,2,58.9984754,14.999153,0.365833,65.29478,18.4971,0.369942,58.1667,0.581667,6.550606172,0.157346,466,5520,5986
672,11/2/12,4,1,11,0,5,1,1,58.199,14.555,0.355,64.04378,17.8021,0.356042,52.2083,0.522083,11.08135954,0.266175,618,5229,5847
673,11/3/12,4,1,11,0,6,0,2,57.3379754,14.076653,0.343333,61.14614,16.1923,0.323846,49.125,0.49125,11.26262464,0.270529,1029,4109,5138
674,11/4/12,4,1,11,0,0,0,1,56.0464754,13.359153,0.325833,61.65842,16.4769,0.329538,53.2917,0.532917,7.456598644,0.179108,1201,3906,5107
675,11/5/12,4,1,11,0,1,1,1,55.5545246,13.085847,0.319167,59.72675,15.40375,0.308075,49.4167,0.494167,9.838648606,0.236325,378,4881,5259
676,11/6/12,4,1,11,0,2,1,1,52.7254754,11.514153,0.280833,57.34103,14.07835,0.281567,56.7083,0.567083,7.223668404,0.173513,466,5220,5686
677,11/7/12,4,1,11,0,3,1,2,53.8324754,12.129153,0.295833,56.71589,13.73105,0.274621,54.75,0.5475,12.66058077,0.304108,326,4709,5035
678,11/8/12,4,1,11,0,4,1,1,57.9904412,14.439134,0.352174,62.77019,17.09455,0.341891,33.3478,0.333478,14.48101698,0.347835,340,4975,5315
679,11/9/12,4,1,11,0,5,1,1,58.6910246,14.828347,0.361667,63.98717,17.77065,0.355413,54.0833,0.540833,8.932447974,0.214558,709,5283,5992
680,11/10/12,4,1,11,0,6,0,1,60.7205246,15.955847,0.389167,67.45433,19.69685,0.393937,64.5417,0.645417,2.408228074,0.0578458,2090,4446,6536
681,11/11/12,4,1,11,0,0,0,1,63.0574754,17.254153,0.420833,69.95417,21.08565,0.421713,65.9167,0.659167,5.308061768,0.1275,2290,4562,6852
682,11/12/12,4,1,11,1,1,0,1,67.793,19.885,0.485,74.78447,23.76915,0.475383,74.1667,0.741667,7.223834931,0.173517,1097,5172,6269
683,11/13/12,4,1,11,0,2,1,2,57.3379754,14.076653,0.343333,61.09025,16.16125,0.323225,66.2917,0.662917,14.24001016,0.342046,327,3767,4094
684,11/14/12,4,1,11,0,3,1,1,53.3405246,11.855847,0.289167,57.34067,14.07815,0.281563,55.2083,0.552083,8.310759454,0.199625,373,5122,5495
685,11/15/12,4,1,11,0,4,1,2,55.7390246,13.188347,0.321667,61.20428,16.2246,0.324492,62.0417,0.620417,6.369132907,0.152987,320,5125,5445
686,11/16/12,4,1,11,0,5,1,1,57.461,14.145,0.345,63.24836,17.3602,0.347204,52.4583,0.524583,7.120088343,0.171025,484,5214,5698
687,11/17/12,4,1,11,0,6,0,1,55.985,13.325,0.325,61.37447,16.31915,0.326383,54.5417,0.545417,7.482452027,0.179729,1313,4316,5629
688,11/18/12,4,1,11,0,0,0,1,57.2765,14.0425,0.3425,62.39714,16.8873,0.337746,69.2917,0.692917,9.475910235,0.227612,922,3747,4669
689,11/19/12,4,1,11,0,1,1,2,60.1054754,15.614153,0.380833,65.80589,18.78105,0.375621,62.3333,0.623333,9.786275729,0.235067,449,5050,5499
690,11/20/12,4,1,11,0,2,1,2,59.6135246,15.340847,0.374167,66.26003,19.03335,0.380667,68.5,0.685,3.44399537,0.082725,534,5100,5634
691,11/21/12,4,1,11,0,3,1,1,58.0759754,14.486653,0.353333,64.84028,18.2446,0.364892,61.375,0.61375,4.298322708,0.103246,615,4531,5146
692,11/22/12,4,1,11,1,4,0,1,57.092,13.94,0.34,63.53339,17.51855,0.350371,58.0417,0.580417,2.201109585,0.0528708,955,1470,2425
693,11/23/12,4,1,11,0,5,1,1,59.1829754,15.101653,0.368333,66.09011,18.93895,0.378779,56.875,0.56875,6.162389105,0.148021,1603,2307,3910
694,11/24/12,4,1,11,0,6,0,1,52.5409754,11.411653,0.278333,54.38678,12.4371,0.248742,40.4583,0.404583,15.68983958,0.376871,532,1745,2277
695,11/25/12,4,1,11,0,0,0,1,50.1424754,10.079153,0.245833,55.18247,12.87915,0.257583,46.8333,0.468333,6.265594479,0.1505,309,2115,2424
696,11/26/12,4,1,11,0,1,1,1,55.1239754,12.846653,0.313333,62.51036,16.9502,0.339004,53.5417,0.535417,1.942126129,0.04665,337,4750,5087
697,11/27/12,4,1,11,0,2,1,2,53.5250246,11.958347,0.291667,57.34022,14.0779,0.281558,78.6667,0.786667,9.890147213,0.237562,123,3836,3959
698,11/28/12,4,1,11,0,3,1,1,53.8940246,12.163347,0.296667,58.07858,14.4881,0.289762,50.625,0.50625,8.776869725,0.210821,198,5062,5260
699,11/29/12,4,1,11,0,4,1,1,52.728206,11.51567,0.28087,58.85798,14.9211,0.298422,55.5652,0.555652,4.809395384,0.115522,243,5080,5323
700,11/30/12,4,1,11,0,5,1,1,54.0169754,12.231653,0.298333,61.14803,16.19335,0.323867,64.9583,0.649583,2.434247984,0.0584708,362,5306,5668
701,12/1/12,4,1,12,0,6,0,2,54.0169754,12.231653,0.298333,60.52136,15.8452,0.316904,80.6667,0.806667,2.485596717,0.0597042,951,4240,5191
702,12/2/12,4,1,12,0,0,0,2,57.6455,14.2475,0.3475,64.32872,17.9604,0.359208,82.3333,0.823333,5.178128742,0.124379,892,3757,4649
703,12/3/12,4,1,12,0,1,1,1,65.3945,18.5525,0.4525,73.02164,22.7898,0.455796,76.75,0.7675,3.443820517,0.0827208,555,5679,6234
704,12/4/12,4,1,12,0,2,1,1,67.1164754,19.509153,0.475833,74.21486,23.4527,0.469054,73.375,0.73375,7.249313628,0.174129,551,6055,6606
705,12/5/12,4,1,12,0,3,1,1,64.3489754,17.971653,0.438333,70.52108,21.4006,0.428012,48.5,0.485,13.48959594,0.324021,331,5398,5729
706,12/6/12,4,1,12,0,4,1,1,50.8804754,10.489153,0.255833,55.23836,12.9102,0.258204,50.875,0.50875,7.275333538,0.174754,340,5035,5375
707,12/7/12,4,1,12,0,5,1,2,55.6774754,13.154153,0.320833,60.97622,16.0979,0.321958,76.4167,0.764167,5.437120524,0.1306,349,4659,5008
708,12/8/12,4,1,12,0,6,0,2,60.1670246,15.648347,0.381667,67.05572,19.4754,0.389508,91.125,0.91125,4.220596031,0.101379,1153,4429,5582
709,12/9/12,4,1,12,0,0,0,2,60.3515246,15.750847,0.384167,67.11314,19.5073,0.390146,90.5417,0.905417,6.57679261,0.157975,441,2787,3228
710,12/10/12,4,1,12,0,1,1,2,64.1644754,17.869153,0.435833,71.20175,21.77875,0.435575,92.5,0.925,7.922875442,0.190308,329,4841,5170
711,12/11/12,4,1,12,0,2,1,2,58.0759754,14.486653,0.353333,62.45267,16.91815,0.338363,59.6667,0.596667,12.32457005,0.296037,282,5219,5501
712,12/12/12,4,1,12,0,3,1,2,53.9555,12.1975,0.2975,58.76042,14.8669,0.297338,53.8333,0.538333,6.783369884,0.162937,310,5009,5319
713,12/13/12,4,1,12,0,4,1,1,53.8324754,12.129153,0.295833,58.47692,14.7094,0.294188,48.5833,0.485833,7.249313628,0.174129,425,5107,5532
714,12/14/12,4,1,12,0,5,1,1,52.7870246,11.548347,0.281667,58.47728,14.7096,0.294192,64.2917,0.642917,5.463306962,0.131229,429,5182,5611
715,12/15/12,4,1,12,0,6,0,1,55.9235246,13.290847,0.324167,62.45447,16.91915,0.338383,65.0417,0.650417,4.427547992,0.10635,767,4280,5047
716,12/16/12,4,1,12,0,0,0,2,58.7525,14.8625,0.3625,65.29442,18.4969,0.369938,83.875,0.83875,4.194076538,0.100742,538,3248,3786
717,12/17/12,4,1,12,0,1,1,2,61.0279754,16.126653,0.393333,68.135,20.075,0.4015,90.7083,0.907083,4.090675495,0.0982583,212,4373,4585
718,12/18/12,4,1,12,0,2,1,1,62.3194754,16.844153,0.410833,68.87372,20.4854,0.409708,66.625,0.66625,9.217459667,0.221404,433,5124,5557
719,12/19/12,4,1,12,0,3,1,1,56.5385,13.6325,0.3325,62.79458,17.1081,0.342162,62.5417,0.625417,7.664091819,0.184092,333,4934,5267
720,12/20/12,4,1,12,0,4,1,2,56.354,13.53,0.33,62.16953,16.76085,0.335217,66.7917,0.667917,5.514680674,0.132463,314,3814,4128
721,12/21/12,1,1,12,0,5,1,2,56.1080246,13.393347,0.326667,59.15903,15.08835,0.301767,55.6667,0.556667,15.58625952,0.374383,221,3402,3623
722,12/22/12,1,1,12,0,6,0,1,51.6184754,10.899153,0.265833,53.25017,11.80565,0.236113,44.125,0.44125,16.95857042,0.407346,205,1544,1749
723,12/23/12,1,1,12,0,0,0,1,50.1424754,10.079153,0.245833,55.35239,12.97355,0.259471,51.5417,0.515417,5.540492425,0.133083,408,1379,1787
724,12/24/12,1,1,12,0,1,1,2,49.0702352,9.483464,0.231304,55.301,12.945,0.2589,79.1304,0.791304,3.215244969,0.0772304,174,746,920
725,12/25/12,1,1,12,1,2,0,2,53.4982352,11.943464,0.291304,58.50185,14.72325,0.294465,73.4783,0.734783,7.024376704,0.168726,440,573,1013
726,12/26/12,1,1,12,0,3,1,3,49.9579754,9.976653,0.243333,51.82997,11.01665,0.220333,82.3333,0.823333,13.17839781,0.316546,9,432,441
727,12/27/12,1,1,12,0,4,1,2,50.7575246,10.420847,0.254167,52.39778,11.3321,0.226642,65.2917,0.652917,14.57668699,0.350133,247,1867,2114
728,12/28/12,1,1,12,0,5,1,2,50.6959754,10.386653,0.253333,54.95414,12.7523,0.255046,59,0.59,6.47254644,0.155471,644,2451,3095
729,12/29/12,1,1,12,0,6,0,2,50.6959754,10.386653,0.253333,53.816,12.12,0.2424,75.2917,0.752917,5.178295269,0.124383,159,1182,1341
730,12/30/12,1,1,12,0,0,0,1,50.8804754,10.489153,0.255833,52.853,11.585,0.2317,48.3333,0.483333,14.60254037,0.350754,364,1432,1796
731,12/31/12,1,1,12,0,1,1,2,47.9284754,8.849153,0.215833,52.11383,11.17435,0.223487,57.75,0.5775,6.446526529,0.154846,439,2290,2729